contract_id,day_or_month_contract
29516,0
27462,0
21218,0
4869,0
33846,0
30031,0
22754,0
23477,1
36009,1
34201,0
1076,0
2004,0
22408,0
23100,0
24275,0
25266,1
37367,1
34670,1
37614,1
21123,0
6364,0
22094,0
31953,0
38328,1
6799,0
22893,1
34348,0
40463,1
40514,1
40858,1
23936,0
1344,0
41817,1
42097,1
6359,0
24036,1
23577,0
43452,1
44299,1
44333,1
45349,0
46248,1
46256,0
46805,1
46984,1
32337,0
23389,1
48327,1
22786,1
49251,1
2894,1
49622,0
50120,1
7715,1
47778,1
51050,0
51476,1
51999,1
52485,0
53166,0
21960,0
24788,1
32668,0
55054,0
4020,0
55196,1
44303,1
55792,1
23647,0
56256,0
56314,1
6138,1
57185,1
57458,1
22213,0
58677,1
59289,1
60289,0
60658,0
60800,1
61454,0
61566,1
62114,1
62903,0
63248,0
63421,1
64012,1
64235,0
64374,1
61997,1
32127,0
65485,1
63278,1
66464,1
66597,1
66707,1
48810,1
55568,1
67508,0
67906,1
67951,1
67993,1
68003,0
68548,1
69442,1
69452,0
70065,0
2431,0
70461,0
1436,0
71033,1
66272,1
71599,0
71924,1
54313,1
71984,1
72050,1
72094,0
72458,1
72666,1
72689,1
73312,0
74033,0
74127,1
2413,0
75056,1
2853,0
65618,1
75381,1
75498,1
29625,0
75645,0
7855,1
75902,1
76352,1
49089,1
76625,1
76689,1
76727,1
31811,1
77194,0
70656,1
77534,1
77815,1
78172,1
78213,1
78426,1
78509,1
78547,1
79394,1
79426,1
79643,0
80305,0
81067,1
81393,1
81868,0
81962,1
82232,0
82248,1
84172,1
85017,0
85581,1
85705,1
86570,1
86740,1
86809,1
87011,0
87120,1
87158,1
87382,0
87669,1
87673,0
87789,1
88030,0
88158,0
88162,0
88252,1
88596,0
88642,1
88789,1
88797,1
89921,1
89997,1
90066,1
90574,0
90754,0
90992,1
91201,1
91313,1
91896,0
92082,1
92192,1
92213,0
92283,1
92681,0
93186,1
93431,0
93825,0
93846,0
93935,1
94651,0
95168,1
95975,0
96477,1
96622,1
96964,1
96989,0
97908,1
99689,1
100915,1
22268,0
101641,0
101950,1
102042,0
102107,1
103384,1
103742,1
103800,1
103968,1
104371,0
104893,0
104926,1
105078,0
105309,1
105526,0
106168,0
106393,1
106523,1
106592,0
108241,1
108466,1
109110,1
109210,0
109298,1
109309,0
109795,1
109963,1
110024,1
110820,1
111331,0
111522,1
112152,1
112618,1
112682,1
112724,1
112761,1
112801,1
112833,0
113797,1
114210,1
114304,1
114645,0
114734,0
115246,1
115482,1
115598,1
116219,1
116259,1
116826,1
118136,0
118537,1
118955,1
119160,1
119295,1
119314,0
119556,1
119586,1
119635,0
120071,1
120338,1
120960,1
121119,0
121428,0
121688,1
121745,1
121757,1
121807,1
121916,0
124458,1
124820,1
125279,1
125513,1
125619,0
126250,1
126364,0
126650,0
126838,1
126973,0
127242,1
128414,0
128561,0
128649,1
128924,1
129384,1
129593,1
129817,0
130025,1
130297,0
130722,0
130853,0
130867,1
130895,1
130907,1
131015,0
131172,1
132418,1
133656,1
133815,1
134114,1
134125,0
134448,1
134834,1
135910,1
135983,0
136823,0
136972,0
137240,1
137597,1
137620,0
138062,0
139867,1
140212,1
140535,0
140708,1
140710,1
140942,1
142371,0
142986,1
143290,1
143723,1
143762,1
144244,0
144373,1
144440,1
144558,1
144787,1
145220,0
145320,0
145509,0
145561,0
145605,0
145860,1
146015,0
146099,0
146299,1
146572,1
147391,1
148164,0
148717,0
148855,0
149367,1
149585,0
149601,0
149695,0
150146,1
150237,0
150595,0
150648,1
150706,1
150715,0
150836,0
151000,0
151223,1
151490,1
151529,0
151743,0
151782,1
151821,0
151828,1
152206,0
152402,0
152518,0
152589,0
152600,1
152612,0
152687,1
152939,1
153349,1
153396,0
153805,0
154133,0
154251,1
154920,1
155006,0
155058,1
155059,0
155089,0
174202,1
175981,0
176220,0
176443,1
176458,1
176567,1
176959,0
177148,1
177246,0
177482,0
177619,0
178352,1
178397,1
178406,0
178550,0
178764,1
178839,1
179132,1
181047,0
181268,1
181483,0
181580,0
181995,1
182424,1
182786,1
182817,0
182907,1
183198,1
183312,0
183448,1
183900,1
183904,0
184128,0
184197,1
184529,1
184828,0
185495,0
185729,0
185944,1
186000,0
186630,0
187752,1
188053,0
188233,1
188295,1
188355,0
188638,0
188659,0
188779,0
188795,0
188797,0
188908,0
189306,0
189724,0
189841,1
190109,1
190123,1
190754,1
192118,0
192372,0
192480,0
192538,0
192540,1
192587,0
192766,0
193029,1
193232,1
193495,0
193496,0
193748,0
193752,0
193972,1
194448,1
194738,1
194744,0
194757,0
195256,0
196012,1
196629,1
197037,0
197178,0
197687,0
198017,0
198490,1
198735,1
199033,1
199623,1
199956,0
199978,0
200180,0
200498,0
201047,0
201102,1
201528,1
201637,0
201820,0
201841,1
202101,0
202686,0
202708,0
203275,1
204010,0
204165,0
204577,0
205236,0
205317,0
205653,0
206190,0
206238,0
206551,0
206628,0
206685,0
206744,0
206927,0
206951,0
207093,0
207223,0
207232,0
207283,0
207394,0
207625,0
207713,1
207767,1
207877,1
207942,0
207978,0
208076,0
208409,1
208433,0
208517,0
208567,0
208586,1
208778,0
208786,0
208852,1
208964,1
209247,0
209321,0
209372,1
209430,0
209454,1
209585,0
209635,0
209736,0
209798,0
209814,0
210457,0
210822,0
211358,1
211967,0
212750,1
212901,0
213382,0
213415,1
213645,0
213730,0
213783,0
213863,0
213904,0
213994,0
214145,0
214481,0
214695,0
214750,0
214753,1
214995,0
215312,1
215359,0
215432,0
215439,0
215596,0
215706,0
216226,0
216254,0
216263,0
216377,0
216378,0
216423,1
216776,0
216788,0
217598,1
217666,0
218099,0
218126,0
218176,0
218196,0
218235,1
218606,0
218624,0
218684,0
232720,0
232750,0
232945,0
232955,0
233120,0
233175,0
233203,0
233314,0
233320,0
233435,0
233503,0
233507,0
233563,0
233631,0
233658,0
234055,0
234058,0
234312,0
234444,0
234539,0
234575,0
260022,1
260132,0
260858,1
260919,0
261073,0
261224,0
261288,0
261631,1
262123,1
262139,0
262317,0
262363,0
262480,0
262498,0
262534,0
262551,0
262626,0
262627,0
262681,0
262755,0
262779,0
262784,0
262859,0
263018,0
263037,0
263081,1
263105,0
263114,0
263120,0
263164,0
263192,0
263221,0
263231,0
263235,0
263245,0
263341,0
263351,0
263456,0
263469,1
263478,0
263492,0
263627,0
263733,0
263775,0
263793,0
263821,0
263876,0
263916,0
264115,1
264142,0
264145,0
264197,0
264227,0
264271,1
264304,0
264401,0
264463,0
264600,0
264924,1
264944,0
265041,0
265042,0
265044,0
265064,0
265149,0
265174,0
265202,0
265242,0
265283,0
265292,0
265361,0
265534,0
265574,0
265806,1
265839,0
266024,0
266120,0
266380,0
266468,0
266514,0
266579,0
266694,0
266707,1
266750,0
266760,1
266806,0
266902,0
266903,0
266917,0
266937,0
267033,1
267071,0
267130,0
267420,0
267543,0
267823,1
267932,0
268004,0
268008,1
268140,0
268331,0
268507,1
268530,0
268631,0
268850,0
268906,0
268966,1
269153,0
269169,1
269249,0
269336,0
269363,0
269380,0
269526,0
269547,0
269562,0
269572,1
269997,0
270054,0
270246,0
270512,0
270669,1
270697,1
270711,1
270763,0
270848,0
270907,0
271186,0
271224,0
271301,0
271327,0
271352,0
271435,0
271545,0
271559,0
271572,0
271646,0
271677,0
271755,0
271905,0
271910,0
271974,0
272036,1
272167,0
272179,0
272197,0
272355,0
272424,1
272472,0
272518,0
272545,1
272614,0
272626,0
272642,0
272646,0
272720,0
272806,1
272824,0
272847,1
272876,0
273185,0
273193,0
273202,0
273232,0
273271,0
273309,0
273311,1
273358,0
273371,0
273380,0
273470,0
273473,0
273521,0
273552,0
273633,0
273689,0
273710,0
273751,0
273810,1
273834,0
273847,0
273849,0
273861,0
273961,0
273982,0
273984,0
274001,0
274018,0
274024,0
274055,0
274116,0
274154,0
274203,0
274209,0
274230,0
274233,0
274307,0
274336,0
274388,0
274415,0
274426,1
274438,0
274468,1
274482,0
274486,0
274540,1
274773,1
2089,0
6442,0
3803,0
3933,0
1034,0
21360,0
2434,0
3813,0
3695,0
22367,0
1261,1
7648,0
2344,0
5976,0
7574,0
6943,0
21167,0
5079,0
23135,0
22619,0
23258,0
4145,0
23381,1
22496,0
2587,0
23518,0
23247,1
3379,0
2913,0
3631,0
3522,0
2743,0
23627,0
23685,0
2409,0
5357,0
7287,0
3920,0
7257,0
21037,0
4512,0
2816,1
2710,0
8100,0
6755,0
3389,0
6024,0
2384,0
4413,1
24020,0
6425,0
24092,0
2627,1
23852,0
1470,0
4649,0
4671,0
5078,0
21877,1
2624,0
2866,0
24241,0
1890,0
5576,0
22610,0
1315,0
24257,0
1599,0
22490,0
4883,0
8134,0
4308,0
6181,0
3092,0
6670,0
24415,0
24457,0
3789,0
22000,1
3060,1
1074,0
2524,0
3166,0
4980,0
7769,0
4439,0
3928,0
2570,0
6919,0
7004,0
24707,0
24774,0
24817,0
22117,1
2999,0
24877,0
24879,0
5569,1
5657,0
23946,0
3975,0
25030,1
5101,0
3500,0
25052,0
22457,0
25162,0
25191,0
21952,0
22702,0
21204,0
25348,0
25393,1
25405,0
1325,0
4569,0
1544,0
3091,0
25591,1
26081,1
3129,1
22039,0
1545,0
21780,0
1361,0
22266,0
7703,0
22732,0
26788,0
26797,0
8218,1
26976,0
8101,0
2286,0
27178,0
21767,1
4417,0
27207,0
27278,0
1615,0
25531,0
27374,0
27386,0
5597,0
27405,0
4914,0
27546,0
27721,0
6951,0
27817,0
27851,0
27858,1
24119,0
22139,0
27961,0
5746,1
28255,0
1145,0
28346,0
2999,0
28357,1
28446,0
28449,1
23696,0
28507,1
28536,0
28570,0
28586,0
28678,0
24146,0
28725,0
5143,0
1376,0
22404,1
28358,1
6450,0
29191,1
5152,0
22534,1
29443,0
29510,1
6562,0
23641,1
29685,0
8021,1
26556,1
29867,1
29868,0
29980,0
3231,0
30088,0
30140,0
30282,1
29748,0
24157,0
8290,0
29825,0
28205,1
30382,0
7918,0
5144,1
30520,1
30550,0
22077,0
6289,0
22557,0
28353,0
1467,1
30848,0
30908,0
25557,1
4055,0
27179,0
3206,0
27400,0
21737,0
3574,0
22239,0
31280,1
5648,1
22059,0
22340,0
5246,1
24561,1
23016,1
1228,0
8074,0
1389,0
31658,0
31690,0
31712,1
28287,0
5365,0
24731,0
2422,0
1006,0
24709,0
5350,0
5827,0
26925,0
5225,0
2440,1
31972,1
31977,1
30899,0
5990,0
31990,1
7866,0
22900,0
30569,0
27676,0
2767,0
32058,1
7546,0
32098,0
7037,0
30553,1
23993,0
32178,0
32193,1
2788,0
2491,0
24301,0
21734,1
29327,0
23757,1
24602,1
29794,0
6881,0
29859,0
4643,0
5697,0
32045,0
21199,0
29318,0
29362,1
5294,0
29928,1
27608,1
1189,0
32429,1
21690,0
23515,0
24623,0
32487,1
5703,0
28426,0
4494,0
1524,0
32555,0
21698,1
3729,0
29907,0
30441,0
1243,0
1156,0
24090,1
25253,0
8047,1
4826,0
6335,0
27761,1
32667,1
21385,1
32692,1
32698,0
32712,1
2637,0
5024,0
32745,1
32748,1
32752,1
21898,0
24500,1
7982,0
32020,1
21116,0
6163,1
32841,1
8061,1
32875,0
4718,0
31955,1
24780,1
30991,1
31732,0
24266,0
6615,1
33082,1
23022,0
24492,0
21110,0
8348,1
24216,0
33172,1
5690,0
28694,1
33211,1
33236,1
1042,0
4813,0
33302,1
33305,0
33337,0
2670,0
1290,0
33359,0
24123,0
22421,0
6836,0
33409,0
33437,1
33476,0
4909,0
30644,1
2284,0
33498,1
1410,0
22325,0
5202,0
4267,0
1682,0
33612,0
7094,1
33641,1
4138,0
33661,0
1703,0
2437,0
3935,1
33733,1
33751,1
33790,1
5310,0
25797,0
7286,0
33861,1
33886,0
7015,0
33965,1
2925,0
30585,1
3703,0
25853,0
27228,0
24618,0
34071,0
3205,0
26911,0
23520,0
4371,0
34165,1
28631,1
5429,1
3234,0
4730,0
23671,0
34214,1
4691,1
24960,1
7393,0
29679,0
8049,0
34284,0
6204,0
23840,1
5884,1
27149,1
21508,0
24463,0
21685,0
22048,0
7261,0
2081,0
31455,1
25541,1
6841,0
24566,1
25344,0
24860,1
24363,0
30253,1
28760,0
8076,1
3037,0
8106,0
3705,0
22901,0
30949,0
2529,0
7441,0
34859,0
31199,0
30618,1
24678,1
7268,1
7185,0
7863,0
1516,0
35110,0
35208,0
27521,0
35260,1
35274,0
4623,0
27776,0
24368,1
35360,0
25360,0
28226,0
2911,1
35459,0
29811,0
22024,1
35504,1
29958,0
23617,0
28490,1
27482,1
30415,0
4585,0
4379,0
35669,1
23694,0
3922,1
35694,0
5359,1
7530,1
2618,0
24109,1
5189,0
7033,0
1456,0
6444,0
26916,0
21994,0
25139,1
32522,0
1540,0
7854,0
5100,0
3512,0
1278,0
2258,0
8059,0
1863,0
33989,1
32140,0
6820,0
4048,0
3875,0
7100,0
2219,0
1199,1
3138,0
1648,0
2416,1
29216,0
7789,0
5470,1
3674,0
6432,0
28387,0
2300,0
31416,0
6358,0
1780,0
3165,0
32385,0
3867,0
2419,0
1977,0
4152,0
31997,1
1268,0
2583,0
33889,1
4448,0
26892,0
4753,0
3580,0
3056,0
24178,0
7909,0
2189,1
3255,0
5309,0
3096,1
3650,0
33803,0
3696,0
24890,0
5301,0
3434,0
23776,0
5097,0
1730,0
23193,0
1482,0
1206,0
24454,1
32460,1
35845,1
23506,0
1593,0
5420,0
1252,0
6188,0
2188,0
7062,1
27064,0
21545,0
2351,0
21305,0
1093,1
1601,0
5909,0
4242,0
34136,0
7198,0
2633,0
31693,1
24577,0
34167,0
2366,0
5698,1
35874,0
6400,0
32165,1
33020,1
1218,1
2644,0
3808,1
1117,0
29240,1
23508,1
7017,0
35896,0
27788,0
3969,0
1494,1
21382,0
33229,1
22354,0
35909,1
4243,0
1212,0
1901,0
4399,0
23441,0
5353,0
4184,0
3735,1
35917,1
35919,1
3362,0
35921,1
5155,0
2762,0
35925,1
35927,0
4360,0
8123,1
35932,1
23290,0
33308,1
27779,0
22085,0
21170,0
35945,0
31560,0
3027,1
31807,1
4367,0
6271,0
33919,1
21617,0
26572,0
8384,0
32341,0
25073,0
35960,0
6410,0
35962,0
6273,1
21953,0
30768,1
7724,0
31338,0
35970,1
35901,0
30584,0
35982,0
22173,1
3196,0
6330,0
5510,0
5278,0
28853,1
21546,0
1399,0
8073,0
26384,1
1106,0
1910,0
1303,0
3946,0
7354,1
35999,1
3615,1
36006,1
2867,0
5483,0
5153,0
36019,1
7253,0
7096,0
3513,0
29372,0
36032,0
2039,0
3382,0
36038,0
33221,1
5955,0
24242,0
2886,0
23637,1
26936,0
21100,0
5102,0
5496,0
34110,0
2955,0
31585,0
6195,0
2190,0
25034,0
2608,0
3809,0
7550,0
4181,0
6839,0
7790,1
5804,1
6550,0
1123,0
1373,1
5700,0
2754,1
4332,0
5631,0
4217,0
5710,0
5037,0
2545,0
6151,0
3944,0
60501,0
22521,0
5277,0
21786,0
5123,0
24976,0
22975,1
1565,0
33871,1
3375,0
24067,0
8276,0
1808,0
1448,1
4050,0
5203,0
23543,1
21372,0
1861,0
36084,0
36085,1
30261,0
2266,0
4852,0
36101,1
6818,0
1564,0
36107,1
36112,1
1916,0
36118,1
2285,0
25942,1
21521,0
5141,0
2217,0
26340,0
5001,0
4968,0
4450,1
21011,0
7415,0
4848,0
2629,1
1090,1
6357,1
1159,0
5530,0
25136,0
2405,0
32620,1
36133,0
36135,1
25615,0
36137,0
4472,0
3455,1
6564,0
7504,0
36141,1
36142,1
4108,1
36148,1
5098,0
36149,1
7942,0
6947,0
2680,0
3964,0
1231,0
24433,0
36166,1
3055,0
23991,0
27067,0
36174,0
36176,0
2615,1
4159,0
4432,0
21460,0
34300,1
4873,0
24064,0
6505,0
2136,0
36179,1
4201,0
1950,0
34698,0
36185,1
3340,0
5362,0
36189,0
36191,0
4632,0
3667,0
36198,0
21532,1
2357,0
3465,0
5237,0
3053,1
1611,0
36213,1
1717,0
22804,1
5207,0
1254,0
22272,1
30453,1
1606,0
24309,0
33258,1
8280,1
36227,1
3210,0
32737,0
26158,0
4008,0
5608,0
1116,0
3906,0
34347,1
33521,0
2177,0
2143,0
24425,1
1324,0
1059,1
36233,1
4109,1
34511,0
27473,1
32321,0
36251,1
36254,0
21266,0
36255,1
8003,0
23421,0
36260,1
1027,0
23777,1
7054,1
2001,0
25174,1
3085,0
6227,1
4597,0
34595,1
1062,0
32392,1
21535,0
36283,0
2532,0
35660,0
7764,1
35366,1
36292,1
3712,0
2774,0
30150,0
5172,0
34794,0
29045,1
5033,0
1636,1
7682,0
34883,0
6965,0
34856,0
7013,0
34375,0
1409,0
2885,0
1789,0
2985,0
2181,0
34557,0
35769,0
34785,0
32801,1
34412,1
35203,1
35281,0
35038,1
34671,0
35361,1
5262,0
35858,0
29098,1
1889,0
3573,0
21576,0
35127,0
29848,0
5233,0
1464,0
1368,0
34806,0
34766,0
1525,0
24865,1
8245,1
4245,0
34332,1
5259,0
35853,0
3337,0
6446,1
1747,1
1299,0
22364,0
26680,0
1392,0
35043,1
35864,0
1791,0
4397,0
1625,0
23885,0
24282,0
1440,0
7817,0
1943,1
7874,0
4704,0
34865,1
28819,1
4323,0
36305,0
6009,0
1136,0
36308,1
35346,1
8105,0
6304,1
36310,0
4428,0
6661,0
36320,1
21753,0
36323,0
34667,0
36327,0
4638,0
21226,0
6998,1
35324,0
20999,0
6789,0
4942,0
8233,0
4844,0
22578,0
2668,0
5254,0
5905,0
36339,1
36340,1
36341,1
35275,1
26530,0
36343,0
1902,0
1016,0
36344,1
2209,0
36345,1
7587,1
2598,0
26943,0
22189,0
1164,1
36349,0
5452,1
35309,0
6236,1
5380,0
24283,0
2401,0
36351,0
8316,0
21499,0
36361,0
2167,0
24294,1
36366,1
2635,0
3368,1
36376,0
23656,1
36378,0
23065,0
7378,0
36381,1
36387,0
2338,0
35276,0
25250,0
5206,0
36392,1
36393,0
36396,0
36402,1
4523,0
36404,0
8255,0
5910,1
25722,0
36415,0
36418,1
6429,0
23722,0
22764,0
6200,0
34719,0
2937,0
6115,0
22311,0
28110,0
4254,0
33874,1
24129,0
36433,0
8162,1
30394,1
36435,0
36437,1
36438,1
2735,0
36441,1
2891,0
36443,1
36444,1
4321,0
36450,0
36457,1
28382,0
5512,0
6275,1
36469,0
32022,0
23406,0
1976,0
1929,0
31465,0
2869,0
33763,0
1302,0
24460,1
21583,1
2180,1
24198,0
21157,0
28395,0
30160,0
21556,0
35199,1
1279,0
1109,0
22182,0
22796,0
3966,0
36481,1
3711,0
21982,1
3516,0
1029,0
23419,0
1501,0
21577,0
23213,0
24663,0
6940,0
30954,0
4204,1
7455,0
4697,0
33714,1
1078,0
3523,0
6590,0
27910,1
3551,0
29427,1
22809,0
1986,0
1622,1
1585,0
21544,0
4899,0
25330,1
1127,0
34913,1
21353,1
2018,0
34013,1
31014,0
5082,0
3304,1
1407,0
4803,0
23767,1
3171,0
21937,0
2825,0
36485,1
36486,0
5551,0
3059,1
36494,0
4310,0
36503,1
36504,1
2208,1
28647,0
36512,1
7528,0
36513,1
36515,0
1225,0
25077,1
36521,0
23754,0
3639,0
6635,0
3837,0
1208,0
21842,1
4977,1
29944,0
21947,0
6246,0
5711,0
36536,1
36538,1
36539,0
36540,1
2892,0
1379,0
7543,0
36551,1
2501,1
3953,0
29140,0
6520,1
1477,0
36569,1
4889,0
5949,0
27258,1
24762,1
1471,0
22050,0
7678,0
3439,0
1509,0
8019,1
2617,0
2846,1
34587,0
33560,0
36580,1
36581,1
36582,1
36583,0
1718,0
2123,1
36586,1
3619,0
6875,1
7834,1
28231,0
33793,1
36598,1
2197,0
36611,0
2538,0
8209,1
30809,0
31085,0
5570,0
3681,1
27896,1
33554,0
4746,0
2843,0
7310,0
1274,0
24522,1
21255,0
36625,1
36626,1
4269,1
1993,1
21910,0
31140,1
36640,1
1543,0
4018,0
36646,1
23418,0
36647,1
7665,0
5674,0
21251,1
8227,0
3286,0
1023,0
36655,1
2576,1
3971,0
4717,0
28305,1
4144,0
8372,0
36662,1
34611,1
4401,0
2661,0
1301,0
22731,0
5390,0
34615,1
36665,0
3148,1
3670,0
35081,0
36676,1
3892,0
4548,0
3818,0
4910,0
3347,0
4150,0
29064,1
3038,0
36690,0
2412,1
28888,0
32245,0
3731,0
22300,0
6740,1
22822,0
2274,1
1748,0
5053,1
4218,1
1515,0
2947,0
28668,1
8286,0
34407,0
1595,0
30481,1
23251,1
7478,0
24239,0
6902,0
1097,0
31610,1
24495,0
23501,0
21150,0
28289,0
27078,1
4422,0
22695,1
4257,0
1671,1
22531,0
1484,0
34760,0
33417,1
6284,0
2279,0
2119,0
36713,1
34335,1
36714,1
36715,1
5272,0
22287,0
36721,0
36722,1
25884,1
36724,1
36725,0
22569,1
24925,0
33926,0
36733,0
36738,1
3130,0
5401,0
36754,1
36757,1
3755,0
6159,0
3921,0
2693,1
32121,0
1913,0
1921,0
2210,0
36769,1
21892,0
36772,1
36774,0
21292,1
24932,0
5117,0
36783,1
6545,0
5458,0
36792,1
3352,0
3743,0
29079,0
6849,0
23851,1
2753,0
25516,0
36803,1
5883,0
1349,0
1040,0
22532,0
28257,0
36810,1
36814,1
2017,0
28933,1
3560,0
36818,0
33452,0
27511,0
36824,1
26879,1
34529,0
4705,0
27001,1
1468,0
36833,1
21252,1
5281,0
2640,0
21222,0
2696,0
7878,0
31227,0
26897,0
29646,0
4054,0
36843,0
5320,0
1853,0
1513,0
31844,1
1823,0
4991,0
26893,0
24307,1
22644,0
36853,1
2700,0
36860,1
22955,0
1523,0
22126,1
29644,0
24985,0
33311,1
1984,0
3891,0
36890,1
24510,0
4430,0
21829,0
1312,1
2129,0
7417,0
27424,0
36892,0
36893,0
3194,1
36897,0
34372,1
21603,0
7753,1
8042,0
36920,1
1472,0
4706,1
25742,1
35222,0
6476,0
5416,0
22953,0
1817,0
33580,0
29916,0
6055,1
24209,0
30526,1
24326,0
21504,0
7970,1
36933,0
22760,1
1874,0
36935,0
26445,0
1425,0
1533,0
1532,0
24124,0
29590,0
2225,0
4611,0
4140,0
3222,0
6556,0
2551,0
32769,0
7762,0
7147,0
25049,0
21314,0
36944,1
4077,0
36950,0
36954,0
3017,1
24929,0
2019,0
28013,0
36971,1
25324,0
4847,0
7980,1
5303,0
35967,0
24328,1
4034,1
36986,1
3411,1
37005,0
26678,0
28182,0
2283,0
30035,1
6770,1
5186,0
3251,1
6731,0
27403,0
3004,0
37016,0
22807,0
37022,1
37024,1
26922,0
27069,0
7953,1
37032,1
4774,0
5539,0
37046,1
28195,0
24182,0
23867,1
24033,0
32822,1
2756,0
29941,1
29459,1
21926,0
37070,1
1607,1
1459,0
37071,0
37076,0
37079,0
35805,0
7043,0
2475,0
37085,1
37090,1
22304,0
37099,1
37100,1
5770,0
37107,0
2476,0
24525,0
3587,0
6062,1
2063,0
7344,1
37119,0
23556,0
4091,0
31721,1
37134,0
1561,0
37138,0
37147,1
3015,1
37150,1
22757,0
8332,0
5799,0
37157,0
3640,0
7482,0
37160,1
27160,0
37163,1
25150,0
30245,0
2561,0
37164,1
2206,0
36243,1
6669,0
34061,0
28866,0
33353,1
21530,0
35438,1
4565,0
25939,0
4029,0
5867,1
1630,0
2479,1
33856,1
3240,0
4819,0
33056,1
5560,0
25242,0
6341,0
4066,1
23888,0
25341,0
37179,1
37180,1
3827,0
37182,1
4765,0
37183,1
37186,0
37191,1
37193,0
37195,1
37201,0
23145,0
37210,0
5643,1
3313,0
37218,0
5158,0
6018,0
37229,1
29620,0
24293,0
4429,0
6710,0
22509,0
35058,1
37233,0
34801,0
29314,0
37252,1
33155,0
37259,1
37262,1
1276,1
37269,1
1656,0
29382,1
37281,0
2114,1
22523,0
6095,0
31601,0
37290,0
37300,0
37303,0
37305,1
3429,0
37307,1
2151,0
5005,0
37319,1
28900,0
5058,1
37329,0
7243,1
1866,0
26895,0
35429,0
37344,1
37345,1
37346,1
37348,1
7551,0
37352,0
6655,0
27230,1
37355,0
24310,1
37358,1
37364,1
37369,1
37371,1
1878,0
26967,0
37375,1
21503,0
26199,0
30254,0
22585,1
34485,0
35582,0
22400,0
22049,0
23002,0
22009,0
33474,1
7195,0
31609,0
5995,0
5488,0
37388,1
36348,0
24631,0
37392,1
21719,1
35509,0
6100,0
21984,0
28066,0
37396,0
37398,0
5087,0
21948,0
25679,1
21263,1
37415,1
27809,0
1203,0
24619,0
4273,1
2227,0
37421,1
21789,0
21273,1
29274,0
24732,0
1141,0
22678,0
37435,0
24205,0
1621,0
4617,0
27209,0
37440,0
37441,1
2831,0
28794,0
6602,1
4030,0
23682,0
2502,0
1297,0
4707,0
25509,0
29854,1
21248,0
4722,0
1700,1
1575,0
27513,1
8150,0
3535,0
35401,0
5270,0
7899,0
24318,0
30959,1
2657,0
5921,0
21137,1
35299,1
2250,0
37460,1
35451,1
37463,0
24330,0
31166,0
37468,1
8163,0
7818,0
33320,0
1345,0
1933,0
3602,0
5007,0
37494,1
7573,0
3759,1
30321,0
37498,0
2781,0
1782,0
37499,0
5107,0
23302,0
2162,0
21494,1
37500,1
37505,1
30620,0
37516,0
22371,0
31979,1
21190,0
29294,1
4946,0
37525,0
37530,0
25022,0
29431,0
2779,0
37543,0
4748,0
1087,0
4921,0
37547,1
24862,0
21368,0
1362,1
23975,1
37555,0
37566,1
25182,1
2810,1
37572,0
37573,0
23616,0
37579,1
23025,1
3997,0
37587,1
23259,0
37493,0
4839,1
6259,0
1911,0
4286,0
37597,1
37599,1
35765,0
37601,0
37602,1
37606,0
37612,0
24025,0
2117,1
37616,1
37619,0
37620,0
22899,0
37625,1
37632,1
8247,0
37640,0
3821,1
3327,1
22018,1
3474,0
21799,0
29021,0
31846,0
25583,1
37645,1
6310,0
1857,0
22797,0
6736,0
3911,0
1277,0
37649,1
21288,0
37651,0
37659,0
2230,0
23355,0
2958,0
37679,0
37683,0
35031,0
4654,0
31744,0
6370,0
37689,0
37690,0
37693,0
1784,0
1884,0
7396,0
21733,0
37698,0
23040,0
2559,0
24480,0
33563,1
1245,0
37708,0
23374,0
7061,0
37709,1
23116,0
5132,0
37710,1
1306,0
27500,0
26965,1
21667,1
6220,0
24514,0
3855,1
6075,0
21578,0
5318,0
3139,0
2457,0
1265,0
28797,1
29726,1
5908,0
33151,1
28102,0
1486,0
1521,0
1184,0
27256,0
30967,0
1849,0
32658,1
3005,1
22526,0
1701,0
37714,0
2817,0
33027,1
37716,0
23550,0
37720,0
37726,1
37728,0
29529,0
37735,1
37738,0
37740,1
21915,0
27147,1
37750,1
4602,0
1851,0
5660,1
35353,1
3075,1
37755,1
25354,1
37760,0
30625,0
37256,1
1108,0
37776,0
37781,1
37791,0
23405,0
24421,0
25197,0
27629,1
24072,0
4214,0
37801,1
34435,1
37808,0
37809,1
37819,1
37826,1
37830,0
37835,0
4560,0
37845,0
37847,1
1838,0
5583,0
3622,0
21965,0
8022,0
24347,0
37518,1
22674,0
37859,0
2763,0
3297,0
2550,0
30509,1
37860,0
5628,0
37866,1
37869,0
37870,0
37872,1
7144,1
37876,0
37895,1
32122,0
37910,1
7263,0
25145,1
4317,0
25838,0
4570,0
6693,0
27334,0
24080,0
23267,1
21672,0
21771,0
3994,1
24542,0
22132,0
4081,0
4733,0
3557,0
24887,0
37921,1
37922,0
37928,1
1922,0
37934,0
37940,1
31112,0
37942,0
3464,0
28790,0
37953,1
23114,0
2795,0
2857,0
1667,0
37970,1
21411,0
3800,0
31698,1
6863,0
8251,0
3905,0
24389,0
5519,0
24177,0
28193,1
37975,1
7861,0
6164,1
37976,1
2734,0
7296,1
23530,0
23194,0
5263,0
7846,0
3768,0
4582,1
36776,0
6308,1
2569,0
5455,0
1410,0
37984,1
37986,1
37987,0
28675,0
26746,0
37997,1
37998,1
38000,1
7171,0
38003,1
38008,1
3344,0
5169,0
1660,0
38017,0
27066,0
8165,0
28598,0
3655,0
38018,1
38020,1
7579,0
38021,1
38024,1
23361,0
7734,0
34590,1
38027,1
38030,1
2367,0
38048,1
7270,1
7091,0
5109,1
6423,1
27281,0
23354,0
4555,0
4867,0
38065,1
38066,1
38071,0
38073,1
7819,0
38076,0
38078,1
29141,0
3720,0
22142,0
38084,0
2065,1
24803,1
25329,1
22665,0
38094,0
4713,0
3606,0
4262,0
38096,1
38097,0
38106,1
38109,1
6000,0
38111,0
38113,1
4725,0
38125,1
8253,0
7623,1
23879,1
36979,0
38137,1
38142,1
38147,0
3795,0
38157,0
38160,1
25231,0
6161,0
22227,0
29692,0
7713,0
8205,0
38166,1
3115,0
21113,0
21655,0
4724,0
4283,0
4186,0
27791,0
23894,0
23590,0
38183,1
3786,0
1137,0
7851,0
5032,0
21812,1
22805,1
25717,1
21453,0
5642,0
6929,0
4376,0
4764,0
38188,1
38193,1
38195,0
38197,1
38198,0
38199,1
5741,1
38201,1
38203,1
24543,0
38205,0
28727,0
38211,1
5378,0
2322,0
3285,1
4256,0
22084,1
23547,0
23044,0
28072,0
38227,1
28441,0
1262,0
3097,0
3258,1
2482,0
32383,1
6657,1
2240,0
1535,0
28910,1
38239,1
35823,1
38245,1
38247,1
22875,0
38251,1
38256,1
38259,1
1766,0
22907,0
5757,1
21472,0
38262,0
24002,1
6315,0
38270,0
38271,1
38272,1
22250,0
3007,0
35403,0
37476,0
24200,1
25230,0
38279,1
38280,1
38281,1
2642,0
3515,0
21778,0
5113,0
22217,0
2682,0
23753,1
23534,0
1002,0
8238,0
38299,1
4515,1
6168,0
38300,1
3212,0
22603,0
2146,0
5173,0
21754,0
5663,0
7495,0
4173,0
24271,1
38304,1
22324,0
1433,0
5987,0
2306,0
2770,0
4237,1
4702,0
1692,0
5118,0
21787,1
5013,0
2342,0
31118,0
22581,0
7848,0
6375,0
23531,0
6441,0
38330,0
7913,1
2304,0
4087,0
1348,0
1589,0
38336,0
22588,0
22638,0
6202,0
23533,0
38340,1
7795,0
28190,0
29974,0
3895,0
24014,0
3590,0
5145,0
27598,0
22540,0
3604,0
26634,1
7904,0
28126,0
5419,0
28333,0
24145,0
22462,0
27838,0
23967,0
1073,0
1041,0
22282,0
29851,1
2132,0
3287,1
5385,0
7957,0
24609,0
3698,0
6063,0
22146,0
25919,0
3111,0
5104,0
4199,0
38351,1
22699,0
22225,0
2537,0
2236,0
2269,1
3203,0
2212,0
2500,0
5542,0
3456,0
22267,0
6316,0
5744,1
29746,1
32916,0
1465,0
38362,0
38363,1
8108,0
22920,0
38367,1
2895,0
38372,1
8329,1
1799,0
3592,0
1140,0
3424,0
6242,1
22784,0
3648,0
6183,0
21133,0
4732,0
6385,1
24828,0
22414,0
1021,0
21770,1
5587,0
38391,1
8161,0
27059,0
7637,0
25315,0
3082,0
38392,0
27962,0
24508,0
21306,0
30478,0
21731,0
23391,0
22938,0
2934,1
7402,0
1327,0
22027,0
23204,1
1165,0
4381,0
6383,0
22062,0
23070,0
23127,1
38401,0
29492,0
1038,0
23631,0
29100,0
21164,0
6632,0
2404,0
8292,0
21662,0
22838,1
38408,1
22639,0
1745,0
22198,0
32665,1
3637,0
6426,1
1900,0
1619,0
38410,1
38412,0
23214,0
35124,0
38414,1
5463,0
38425,1
4566,0
5017,0
4995,1
7307,1
38433,1
6039,0
23205,0
24159,1
1313,0
21664,1
4084,0
5730,0
1069,0
7275,0
2126,0
3699,1
3259,0
2202,1
7156,0
23256,0
6285,0
2237,0
22031,0
3029,0
24382,0
24455,1
22092,0
24726,0
1705,1
24760,0
23934,0
24833,1
4125,0
4006,0
23820,1
25066,0
25106,0
25265,0
21026,0
4357,0
25561,0
8309,0
1020,0
23457,0
21696,0
22004,0
1498,0
5489,0
23003,0
2565,0
2822,0
21501,0
38434,1
5415,0
38435,1
38437,1
38440,0
4003,1
38441,0
38444,1
38446,1
22256,0
25543,0
3341,0
38457,1
4662,0
6701,0
22427,1
6434,0
26231,0
26292,1
38463,1
3654,0
26906,0
26975,0
4642,0
27024,0
3668,0
25173,0
21162,0
38470,1
27770,1
22694,0
5170,0
3763,0
28220,0
27981,0
27626,0
28396,0
28480,0
29135,0
3108,0
2011,0
21439,0
5110,1
23816,0
31217,0
21413,0
38471,1
24636,0
27435,0
2515,0
5531,1
6815,0
30148,0
4578,0
3080,0
24957,0
30413,1
6435,0
4729,1
38485,1
38487,1
2568,0
21586,0
1807,0
38500,1
38503,1
35606,1
38509,1
38510,1
21245,0
29581,0
38513,0
22065,0
24496,0
38517,1
23041,0
24471,0
25585,0
23831,0
3152,0
5125,0
22236,0
21131,0
25803,0
24094,0
38524,1
6222,0
21502,0
21354,1
24909,1
26871,0
5767,0
1476,0
38539,0
4244,0
29862,0
31476,0
4825,0
3399,0
27315,0
22061,0
23525,0
22477,0
26124,0
21868,0
31287,1
2646,0
25245,0
38541,0
34217,0
2120,1
7601,0
38547,0
22073,0
3686,0
38552,1
38559,1
4861,0
4473,0
27298,0
29035,0
4322,0
24446,1
3586,0
38570,1
38571,1
28434,0
30656,0
2448,1
25299,0
27434,0
7175,0
22399,0
25163,0
27150,1
31464,0
25827,0
7556,0
4468,0
2655,0
38581,0
4239,0
7282,0
5991,0
24383,0
24437,0
2765,0
29891,0
32449,0
29884,0
38593,1
38594,1
22326,1
38604,1
2186,0
27491,0
22612,0
38607,1
24235,0
27251,0
6384,0
35712,0
36643,1
4211,0
23108,1
7292,0
27092,0
38614,0
7592,0
23536,0
38617,1
21913,0
24885,1
6157,0
30128,1
24398,0
23891,0
8358,0
28684,1
22407,0
24444,0
23471,0
38625,1
24786,1
22688,1
23771,0
1819,0
4806,0
8084,1
23652,0
27010,0
21526,0
22808,0
25698,1
25156,0
22602,0
2889,0
27848,0
6712,1
22306,0
3249,0
23143,0
3102,1
4164,0
1342,1
27469,0
21553,0
7319,1
2656,0
25247,0
4688,0
5862,0
1406,0
38637,1
38638,1
38641,0
27907,0
25464,0
24966,0
29122,0
29878,0
30698,0
7747,0
30851,0
38643,1
3965,1
29871,0
3556,0
29395,0
28019,1
2127,0
8172,1
24664,0
21774,1
3186,0
23001,0
7611,0
25535,0
23496,1
21832,0
6754,0
5810,1
26538,0
7149,0
4356,0
24717,0
5395,0
24291,0
38651,1
28369,0
29414,0
22184,0
24703,0
25690,0
6585,0
4795,0
5477,0
25096,0
22222,0
22538,0
7404,1
3174,0
8192,0
27101,0
2196,0
3284,0
3915,0
4364,0
3331,0
5850,0
22444,0
5972,0
4802,0
24513,0
7136,0
4581,0
2557,0
21836,0
24371,1
21845,0
23304,1
3155,0
3319,0
21976,0
3307,0
21205,0
26745,1
26994,0
27443,0
1990,0
21459,0
1341,1
21233,1
23779,0
24555,0
7559,0
6577,1
29323,0
38668,1
4647,0
21645,1
38675,1
6832,0
27086,0
5038,0
8102,0
22627,0
22123,0
2395,0
23835,0
27503,1
24290,0
8190,0
5984,0
38692,1
38693,0
7505,0
5296,0
30425,0
23358,0
6090,0
29799,1
6268,0
3432,0
2121,0
6470,0
38699,0
22192,1
38706,0
6751,0
21936,1
1991,0
3170,0
7135,0
5718,0
5672,0
1825,0
8234,0
21968,0
6147,1
27082,0
5059,0
38713,1
38717,1
38718,1
38720,1
38722,1
38726,0
23511,0
4811,0
28869,0
23349,1
21643,0
2542,1
25026,0
7034,0
29763,0
5839,0
27803,0
5129,0
8225,0
4343,0
4129,0
38751,1
1187,0
6667,0
7458,0
21671,0
1578,0
3831,1
6642,0
27237,0
23109,0
31154,0
38760,1
38762,0
38765,1
7167,0
38768,0
4438,0
22677,0
4778,1
38779,1
5665,0
3224,1
3476,0
24657,0
24031,0
1485,0
4816,1
2741,0
23011,0
27190,0
23659,0
2979,0
2452,0
38791,1
38792,0
38793,0
4787,0
22103,0
3728,1
24700,0
38798,1
38799,1
21485,0
30080,0
3927,0
5709,0
3819,0
24834,0
38803,1
2634,0
22441,0
4250,0
38817,1
7541,1
5932,0
21197,0
1142,0
22741,0
2083,0
38822,1
33352,0
4981,0
24063,0
38836,0
38837,1
3175,0
33483,0
38849,0
24199,0
38850,0
38852,1
22943,0
38858,1
22252,0
26847,0
7797,0
38864,1
28717,0
38868,1
4988,0
31996,0
38871,1
38878,1
25160,1
38883,0
1918,0
38885,1
4833,0
38886,1
25318,0
1377,0
38887,1
38854,1
38889,1
4136,0
8057,1
33789,1
5756,1
33315,0
38899,1
4539,1
6345,0
26859,1
27152,0
1948,0
2572,0
38901,1
27420,1
7560,0
8142,1
38913,0
38915,1
38922,1
38932,0
4297,0
24999,1
38937,1
7011,0
4365,0
32450,0
38943,1
31754,0
31754,0
38944,1
38945,1
3860,1
38950,0
38952,0
38956,1
38958,1
38964,1
38971,1
38973,1
38979,1
27373,0
38982,1
38989,1
4876,0
39006,1
23382,1
1725,0
39016,0
21431,0
1506,0
39027,1
39035,1
25928,0
35167,0
26920,0
3908,0
21487,0
31210,0
29875,0
2957,0
27523,1
27119,0
32338,1
3163,0
39076,1
3150,0
7895,0
6734,0
39085,1
2417,0
4312,0
39089,0
39094,1
39100,1
24977,1
39107,1
6091,0
39123,1
39124,1
22880,1
39135,0
39136,1
3877,0
1190,0
2170,1
39139,1
39143,0
39144,1
21608,1
3061,0
3804,0
6663,0
1043,0
3783,0
22036,0
5345,0
24997,0
3388,0
28015,0
39152,0
1007,0
32242,0
23325,1
39157,0
29874,1
39164,1
39177,1
2157,1
5689,0
39181,1
28601,0
4335,0
24005,0
39190,0
39194,0
2708,0
27652,0
21875,0
39199,0
39202,1
39204,1
39205,0
39209,0
39210,1
39214,1
39217,0
30308,0
39224,0
24215,0
39227,1
35372,1
30360,0
25300,0
39251,0
3020,0
39257,1
39258,0
39264,1
21522,1
39281,1
39285,0
25784,1
32995,1
7118,0
3958,0
39311,1
1460,0
39332,1
39335,1
39342,1
5256,0
2222,0
39353,1
24277,1
2112,0
39364,1
39373,1
39378,1
30422,0
39388,1
39400,0
39408,1
27210,1
3962,0
27797,0
1731,0
21651,0
22015,0
22053,0
2984,0
21015,0
23292,0
5766,0
7472,0
4549,0
39430,1
3226,0
39435,0
4507,1
4082,1
39445,1
39448,1
38343,0
30181,1
21426,0
39453,1
39462,1
35778,0
39466,0
39469,1
39471,0
1139,0
1792,0
24076,1
4640,0
1643,0
39481,0
29539,1
7577,0
39492,1
39496,1
21729,0
39500,1
5367,0
2628,1
29042,0
21695,0
6468,0
39531,0
3436,0
3127,0
7831,0
6360,0
21297,0
24230,1
1633,0
1458,0
39543,1
5006,0
39544,1
7222,0
21187,0
39549,1
39550,1
39552,0
25233,0
39555,0
39556,1
39559,0
1192,0
39561,1
33447,1
24521,0
4720,0
6205,0
7705,0
39575,0
39576,1
39578,1
22722,0
3022,0
7125,0
39581,1
39582,1
22587,1
39586,1
22463,1
39587,1
39588,0
25134,1
6624,0
22464,0
3785,1
6959,0
5647,0
39602,1
39604,0
27612,0
8208,0
2421,1
2736,0
3926,0
4206,0
21383,0
8312,1
3345,0
5245,0
32324,0
39612,1
39616,1
39620,1
39631,1
39640,1
39641,1
39644,1
25590,1
2976,0
39650,0
39651,0
39658,1
39668,1
39669,1
39676,0
39681,0
39682,1
39684,0
39686,0
39687,1
23512,0
2653,0
1713,0
39693,1
39701,1
39703,0
39704,1
24190,0
25270,1
5886,1
1426,1
39732,1
39733,1
39735,1
39737,0
39738,1
24557,1
5398,0
1162,0
39752,1
39756,1
39763,1
1357,0
39765,1
39767,1
39773,1
39775,0
4608,0
39777,1
39782,1
39784,1
26999,0
3872,0
39802,0
23373,1
22172,0
39805,1
30067,1
5438,0
39810,1
39815,1
31045,0
5394,0
5220,0
3976,0
25476,1
6776,0
5414,1
24434,0
39826,1
26494,0
39843,1
39844,0
39848,1
27701,0
21212,1
23291,0
39854,0
31691,0
39855,0
39856,1
6936,0
3716,1
39873,1
27628,0
32611,0
2173,0
6459,0
39888,1
39889,1
39890,0
39891,1
22023,0
31202,0
32593,0
30695,0
39915,1
39920,0
39924,1
39929,1
35091,0
39938,0
21219,0
39946,1
39947,1
39953,1
3176,1
2507,0
35418,1
39968,1
39977,1
38406,1
4575,1
21387,0
28060,0
39989,0
39990,1
39997,0
34610,1
4656,0
7937,0
29536,0
25237,0
1787,0
23523,0
3373,0
40000,1
40002,0
4812,0
40015,0
6865,0
40024,1
40027,1
5706,1
24262,0
40059,1
40060,1
4178,0
40079,1
33492,0
24489,1
40098,1
40101,1
40104,1
34594,1
40115,0
21660,0
27348,0
40128,1
40129,1
35650,1
25446,0
24391,0
40136,1
22654,0
40141,1
35688,0
28638,1
22974,1
40165,1
40170,1
35104,0
23766,0
4762,0
40188,1
6999,0
40189,1
2914,0
29452,0
4024,0
21716,1
6767,0
22906,0
6497,1
26914,0
5503,0
40202,1
31952,0
40207,0
8242,0
6171,1
1505,1
3378,0
1557,0
5508,0
40229,1
27273,1
39603,1
40241,0
40243,1
40247,1
40251,0
40252,1
40253,1
40254,1
40266,0
30869,1
40280,0
40282,1
40293,1
23237,1
4305,0
40302,0
40303,0
40306,0
1197,1
40319,1
7372,1
40324,1
40327,1
23458,0
2525,0
5486,0
40332,0
40333,0
40334,0
28650,1
21477,0
40344,1
40345,1
24804,0
40350,1
38757,0
40362,0
40366,0
2703,0
21850,0
4477,1
24849,1
3709,0
39175,0
5575,0
4536,1
2512,0
7401,0
7877,0
27497,1
34935,1
28107,0
3062,0
6597,0
31396,0
40391,0
2999,0
40399,1
40403,1
32595,1
24719,0
40409,1
21201,0
40416,1
40419,1
21533,0
3054,0
40436,1
40442,1
2430,1
22595,1
4628,1
32571,0
40446,1
40448,1
8349,0
40452,1
40455,1
40460,1
22800,1
40462,1
28284,0
1826,0
40473,1
4896,0
21506,1
40490,1
40495,1
40499,1
23607,0
27195,0
8211,0
2874,0
40507,0
40510,0
40511,1
40516,1
40530,0
1518,0
3967,0
40542,1
6002,0
1618,0
40552,0
40557,0
31075,1
40560,0
28548,1
4708,0
40563,1
35609,1
40569,1
40570,1
4121,0
3460,0
40573,0
40576,1
1215,0
40580,1
40582,1
40587,1
40593,0
29253,0
22056,0
4957,0
28512,0
40597,1
40611,0
21241,1
2229,0
4249,0
40619,1
29092,0
31311,0
3169,1
40629,1
40636,1
40638,1
40639,1
24476,0
40644,1
2996,1
3087,0
1821,1
40649,1
23438,0
22064,1
33450,1
4865,0
5762,1
4488,0
24766,0
5114,0
7070,0
40661,0
30240,0
6704,0
6997,1
21410,0
7368,0
40684,0
1120,0
40685,1
24428,0
40704,1
40707,1
40712,0
40716,0
40717,1
40718,0
5265,0
7536,0
40720,0
40728,1
40730,1
4162,0
40737,1
40741,1
6135,0
34297,0
2139,0
4396,1
22344,1
27414,0
23813,0
40760,1
5142,1
7301,1
1441,0
40768,1
40772,0
40773,1
23938,1
21317,0
22180,0
40785,0
40796,1
3418,0
34194,1
40799,1
4352,0
4652,0
27021,1
40801,1
40804,1
4392,0
4130,0
5348,0
27083,0
40102,1
1481,0
3807,0
24466,1
40814,1
28992,0
23603,1
40822,0
40823,0
40828,0
40831,1
40833,0
40835,1
40836,0
1970,0
40840,1
40841,1
6973,0
6235,1
33420,1
24784,0
4587,0
40859,0
27161,0
22152,0
40862,1
40863,0
40867,1
40871,1
40873,1
40875,0
40880,1
40884,1
40885,0
40887,0
7076,0
1801,1
40894,1
40895,1
40897,1
40900,0
30337,0
40916,1
40918,1
40922,0
40925,1
23645,0
40932,0
40933,0
40936,0
40955,1
7288,0
6763,0
3001,0
40976,1
40978,1
3371,0
40981,1
21644,1
40984,1
40986,1
40238,1
2216,1
35704,0
1411,1
23564,0
5411,0
4482,1
24883,1
7784,0
3644,1
40989,0
27300,0
5346,0
40994,0
41016,0
36222,1
40353,0
5716,0
3374,0
27372,0
28881,0
40315,1
41046,1
3970,0
41050,1
5495,0
29068,1
6034,1
41059,1
41060,1
41064,0
24943,0
4056,0
21393,1
4189,1
41074,0
41075,0
41081,0
3204,0
24406,0
41088,1
41091,1
32094,0
26798,1
2789,0
21483,0
6766,1
31770,0
29637,0
6076,0
41114,0
33413,1
41117,1
40412,1
1119,0
5227,0
5284,0
5891,0
40433,1
41127,1
41129,1
41130,0
34027,1
33336,1
41131,1
34029,0
34326,1
3948,0
32845,0
41147,1
30352,0
24644,1
32627,1
23521,0
33821,1
3447,0
41171,1
41172,1
41175,0
41177,1
1650,1
21160,0
41201,0
23729,0
41205,1
41207,0
3104,0
26070,0
36467,0
41219,0
41223,1
3613,1
29695,1
41244,0
41248,0
7845,0
41262,1
34060,1
41267,0
41274,1
41275,1
3544,1
5288,0
41282,1
33005,0
41283,1
21785,1
24919,0
2124,0
1413,0
26171,1
41293,1
24186,1
41314,1
1598,1
41318,1
36912,1
6184,1
41322,0
41330,0
41331,1
41332,1
41339,0
41346,0
5641,0
1259,1
30731,0
41356,1
41357,0
2072,0
41361,1
41369,1
4563,0
41378,1
32823,1
41381,0
41392,0
4021,1
39839,1
41405,1
4770,0
5896,0
41408,1
30034,0
2268,0
22174,0
32963,1
4514,0
27393,0
41444,0
41445,1
41447,1
24268,1
40596,0
2455,0
27679,1
5112,1
41452,0
25024,0
40786,1
23489,1
29968,1
4614,0
41487,1
23919,0
8203,0
41511,1
41513,1
41514,1
29213,0
41516,1
2360,1
5337,0
4832,1
41523,1
41532,0
3101,1
6251,1
41549,1
23896,0
40844,0
30400,0
7477,0
41572,0
2400,1
27508,0
41582,1
41584,1
26525,0
41585,1
40893,0
41587,1
41589,1
23532,0
41601,1
41605,1
5400,0
24323,1
28774,0
31624,0
27451,1
24074,0
1138,0
41622,1
2041,0
24019,0
5115,0
33932,1
41641,1
7643,0
21376,1
41668,1
41670,1
41672,1
3585,0
34984,0
41691,0
1702,0
41004,0
1152,0
41704,1
1873,0
24648,0
41721,0
5866,0
40777,0
40289,0
41725,1
41726,1
41728,1
41731,1
41735,1
41737,1
38676,0
22530,1
7984,1
41749,1
41752,0
41014,1
5374,0
5533,0
1715,0
3404,0
41013,0
41759,1
4728,0
41764,0
41765,1
41768,1
41769,1
41253,1
41785,1
41786,0
1603,0
22195,0
41813,1
28761,0
41128,1
2999,0
41823,0
6174,0
22759,0
21141,0
1415,0
41828,0
41831,1
24502,1
21996,0
41840,1
41843,0
1843,0
41850,1
6317,0
4210,0
41857,1
41860,0
2213,0
1056,0
33007,0
41875,1
3988,0
2698,0
41889,0
41891,1
27027,1
41894,1
6326,0
41896,0
41901,1
7652,0
6850,1
3554,0
23411,1
5404,0
7078,0
3049,1
41911,1
41913,0
41916,0
41918,0
41925,1
3530,0
41936,1
24131,1
4801,1
41944,0
41946,1
41947,0
41949,0
41950,1
41955,1
41957,0
41960,1
41962,0
34222,1
41975,1
41976,1
22095,0
2606,1
41987,0
1690,1
41993,0
42003,0
6982,0
37402,0
42010,1
4550,0
29808,0
23690,1
42024,1
1879,0
42030,0
24942,1
4293,1
42041,0
42042,1
42057,0
6883,1
42065,1
42069,0
4994,1
41017,1
24870,0
32313,0
33076,0
34185,0
41744,1
24369,0
5903,1
41443,1
42027,0
42079,1
40882,0
42089,0
21114,1
1222,0
31189,0
42105,1
42107,1
42111,0
42124,1
42127,0
42128,0
27636,1
42130,1
42133,1
42135,1
42139,1
42140,0
42152,1
42156,0
42157,1
42171,1
42176,0
42178,0
42180,0
29700,1
42182,1
42185,1
42186,0
2060,0
40186,0
42197,1
4299,0
41498,0
24815,0
42204,1
42208,0
42213,1
42214,1
2247,0
42226,0
42228,1
42229,1
27660,0
24374,1
42238,0
42240,0
31832,0
32515,0
5776,1
2334,0
42242,1
24312,1
5975,0
1499,0
6318,1
3342,0
7876,0
21242,1
42245,0
42247,1
42249,1
42251,1
35791,0
42261,0
42265,0
25295,0
22478,0
7603,0
42269,0
42272,1
21195,0
21818,1
42276,1
33158,1
5377,0
2704,1
42277,1
6531,1
42280,1
42283,0
42288,1
22158,1
42289,0
42293,0
42299,1
42308,1
42318,1
42320,1
42324,0
42329,1
40250,0
24181,1
7699,0
42333,1
42334,1
42335,1
42344,1
3943,1
42351,1
42370,1
42374,1
5889,1
42375,0
42376,1
42378,0
42380,0
42381,1
23529,1
34469,1
7600,0
4449,0
42401,1
42412,0
42414,1
8226,1
42430,0
42432,1
41528,1
42441,1
6017,0
1266,0
42462,0
42463,1
41982,1
5446,0
30293,0
39974,1
23979,0
41007,1
42473,0
42475,0
42481,1
1752,0
42484,0
42487,1
42491,0
42494,0
42498,0
42501,0
7132,0
42507,1
5592,0
1179,0
6502,0
42514,0
21884,1
42518,0
42522,1
3945,0
42533,1
42535,0
42542,0
42548,1
39099,0
42561,0
1107,1
42563,0
42566,1
8072,0
42570,1
1318,0
42588,1
7369,1
42590,1
42595,1
42594,0
42599,0
42600,1
31840,0
42603,1
42607,1
42608,0
35358,1
42611,1
42623,1
42628,0
42640,1
42645,0
4751,0
42654,0
42660,1
42662,1
42663,1
42666,1
42668,0
30573,0
42683,1
42684,1
7317,0
23072,0
42686,1
1363,0
42692,1
42693,1
42698,0
2159,0
42701,0
41999,0
4610,0
21327,0
7605,0
42708,1
41858,0
6388,0
42717,1
42718,1
42720,1
41872,0
42723,1
42726,1
42727,0
42731,1
4374,0
42741,1
42745,1
42748,1
42751,1
25378,1
42754,1
42756,1
42758,1
42762,1
42769,0
42770,1
42771,1
42772,1
4521,0
42773,1
1680,1
21308,1
42778,0
21927,0
42782,1
7134,1
42786,1
42790,1
42795,1
42798,1
42803,0
42805,0
42806,1
42809,1
42811,0
42814,0
42815,1
42818,1
42822,1
42823,1
42824,1
42825,0
42827,1
42828,1
42829,1
42830,1
42831,1
21474,0
7714,0
42832,1
42834,1
5282,0
42836,1
42839,0
42840,1
32525,0
42846,1
42849,0
42850,1
42855,0
42856,0
6199,1
42875,1
42880,1
42888,1
42892,1
42896,1
42902,0
41906,0
28713,0
42906,1
42908,1
24672,0
4696,0
42911,1
7443,0
42914,1
42915,1
42918,1
42922,0
42924,1
42925,1
42926,0
42932,1
42938,0
42943,1
42948,0
42950,1
42951,1
42952,1
42956,1
6826,1
42957,1
42958,1
42961,0
42963,1
42965,1
42968,0
42969,1
42970,1
42976,0
42977,1
42985,1
8109,1
42992,1
3318,1
43000,1
43003,1
43004,1
43006,1
3880,0
1175,0
43011,1
41942,0
2504,0
42092,1
41954,1
41941,0
43023,1
43024,1
43028,1
43030,1
43034,0
43040,1
43041,1
41988,0
5088,1
29401,0
2407,0
32614,1
26359,1
42037,0
6126,0
43043,0
43045,1
43046,0
43050,0
33654,1
43057,0
43059,1
43060,1
43065,1
43067,1
43068,1
43072,1
43073,1
43076,0
21705,0
43079,0
43081,1
43083,1
43086,0
43089,1
43096,1
42064,0
43098,0
24517,0
43101,1
43102,1
43107,0
43112,1
43115,1
30588,0
43116,1
43124,0
43126,1
43127,1
43130,0
43138,1
43141,1
43142,0
43145,1
43146,1
43149,1
43150,1
43154,0
3548,1
43164,0
43170,0
43171,1
43175,1
43179,0
43184,0
6395,0
43190,1
43192,0
43198,0
43199,1
43209,1
43214,0
4930,0
43220,1
43221,0
43222,0
3261,0
2717,0
4171,1
43225,1
3534,1
43230,1
43231,1
43233,1
43236,0
43240,1
4874,0
43254,0
43255,1
42087,1
43258,1
43264,1
43265,1
30319,0
43272,0
6074,0
7770,1
43279,1
32528,1
43280,0
43282,1
4002,0
43285,1
43286,0
43290,1
43291,0
43293,1
43239,1
43295,1
43297,0
43299,1
43302,1
33157,1
43309,1
43316,1
43319,1
43321,1
24366,0
43327,1
43331,1
2571,1
22821,0
24229,1
43333,0
6376,0
43336,0
43342,1
8323,0
43345,1
5260,0
2981,0
4810,0
7785,1
2986,0
4814,0
3996,0
43348,1
43349,0
4014,0
43351,1
43352,1
43355,0
29519,1
43358,1
42949,1
43341,0
43363,1
41983,0
43364,1
28440,0
43375,1
30945,0
43392,1
39428,0
43394,0
4329,1
43401,1
43402,1
5863,0
43405,0
43406,0
43412,1
43415,0
43425,1
35673,0
43432,1
4970,1
43437,1
2581,0
43441,1
43445,1
43447,1
43449,0
43450,0
42539,0
2801,0
43459,1
43460,1
43465,1
43469,1
43470,0
43471,0
43472,1
43474,0
43479,1
43253,0
43486,0
43488,1
23720,1
3704,0
43495,1
43500,0
5382,0
43503,1
43507,1
26941,0
24279,1
43513,1
43514,0
43516,1
43518,0
32358,0
43520,0
43521,0
43528,0
43533,0
43539,1
43542,0
41263,0
43546,0
43555,1
43559,0
3691,0
43564,0
23597,0
43525,1
7262,0
43573,0
42322,1
3562,0
43580,1
43593,0
43597,1
43598,1
42857,1
43603,1
43604,1
43605,0
43608,1
43609,1
5725,1
25371,0
6309,0
24132,1
4636,0
33702,1
43628,1
22454,1
43630,0
3624,0
4458,0
24143,0
7294,0
42444,0
4296,0
5745,0
24367,1
42330,1
43634,1
43637,0
43638,1
24281,0
4404,0
43645,0
43647,0
43649,1
43655,0
42409,1
43664,1
43667,0
43676,0
25190,0
21762,1
43679,1
43680,1
3043,0
43686,0
33795,0
21764,0
43687,0
42455,1
2815,0
43691,1
43692,1
43697,1
43698,1
25274,0
43703,1
43700,1
43704,0
43717,1
43720,0
43722,1
7777,1
43725,0
43727,0
43729,1
22979,0
43730,1
43731,1
31884,0
43736,1
43726,1
4107,0
28816,0
3726,0
43744,0
36841,1
43761,1
43763,1
43765,0
4174,0
43768,1
2149,0
43772,0
42362,0
43777,1
43780,1
43785,1
43791,1
21712,1
1614,0
43794,1
43795,1
3245,0
43799,1
43802,1
43804,0
43813,1
3197,1
42493,0
43824,1
34904,0
43825,1
43827,0
28260,0
2720,0
1658,0
42327,1
28988,0
43830,1
43833,1
36440,0
43836,1
43837,1
43601,1
43839,0
43840,1
43841,1
43845,1
43849,1
43850,1
42418,1
43852,1
43853,1
28146,0
43859,1
43860,0
23926,1
7290,0
43866,1
43873,1
43880,0
43884,1
43890,0
43892,0
34135,0
43895,0
1017,1
43901,1
43902,1
43903,1
43905,1
43908,0
43909,1
43910,1
43913,1
27326,1
2573,0
24166,0
41002,0
21865,0
42629,0
2204,1
42658,1
26868,1
43919,1
6813,1
31874,1
43928,1
43930,1
43937,1
43938,0
43943,0
29131,0
34117,1
43964,0
24797,0
43966,1
2713,0
43967,0
43968,1
43971,1
31389,0
43973,0
43976,1
43981,0
43982,1
43983,0
43984,1
43988,1
2589,0
43995,0
44009,1
44010,0
44011,1
44012,0
44020,1
1582,0
44022,1
27718,0
5627,0
24872,1
44042,0
44045,1
44055,1
27754,0
43054,1
44062,1
44070,1
44072,0
44076,0
44079,1
44085,1
44086,1
44089,1
44091,1
44100,0
23715,0
32471,1
44102,0
44103,1
44104,0
44110,0
44111,0
43417,1
44129,1
44130,1
44143,0
2989,1
44147,1
2917,0
2610,0
44155,0
44156,1
44157,1
44158,1
44161,1
32068,0
1397,0
44162,0
44166,0
44167,0
44171,1
44172,1
44174,1
44175,1
44176,1
44179,0
44181,0
44182,0
44184,0
44185,1
44186,1
44193,1
23566,0
44195,0
44196,1
42470,0
44211,0
44212,0
44214,0
21933,0
44221,0
42691,1
5837,0
1438,0
44231,1
44233,1
44235,0
44239,1
44240,1
4509,1
44243,1
43263,1
44249,1
44250,0
44197,0
44252,1
44253,1
42893,0
44256,1
2760,0
44257,1
44259,0
44260,1
44261,0
5428,0
4868,0
2716,0
24907,1
4041,0
44266,0
44267,0
44272,1
44275,1
30883,0
42991,0
44296,1
5471,0
1065,0
44306,1
44307,0
44311,0
44312,0
3409,0
44316,0
29305,0
44318,1
44320,1
44321,1
44323,1
44324,0
44326,0
44328,1
44330,1
7353,0
26176,0
3533,0
44332,0
44335,0
44340,1
44341,1
44345,0
44350,0
44352,0
44356,1
44357,1
44359,0
44360,1
44363,1
44364,1
44370,1
44371,0
2516,0
44373,1
44376,1
44382,0
44384,0
44389,1
44393,1
44394,1
27199,0
44396,1
44397,0
2935,0
44408,1
44411,1
44416,1
44420,1
44424,1
44427,1
44430,1
44438,1
44440,0
44443,1
44447,0
44453,0
44458,0
44459,0
44462,1
44467,1
44475,1
1508,0
44478,0
43036,0
29785,1
44482,0
44108,0
44220,0
44486,1
44488,0
44489,1
44492,0
5191,0
44506,1
44509,1
44510,0
44511,0
44540,1
6612,1
44543,1
44544,1
44547,1
44549,0
8331,0
1741,0
21023,0
44553,1
44558,1
44559,1
44561,1
44336,0
44577,1
44584,1
44586,1
44588,0
43103,0
44590,1
35851,1
24038,1
44594,1
44596,1
44599,1
44600,1
44603,1
22150,0
44606,0
44607,1
7435,0
44150,1
3793,0
23385,1
44614,0
44617,1
44618,1
44620,0
44622,1
28083,0
44625,1
44629,1
44630,0
44631,1
44627,1
2560,0
24651,0
29058,1
41305,1
2811,1
7763,0
44637,0
44638,1
44639,0
44640,1
1304,0
22792,0
44654,0
44655,0
44657,1
44660,0
44669,0
44670,0
44673,0
44682,0
44686,0
31435,1
44687,1
44688,1
44689,0
44691,1
44698,0
5464,1
23491,1
44707,1
44708,1
44709,1
44710,1
44714,0
44715,1
44716,1
44717,1
1334,0
44729,1
44740,1
41337,1
44749,1
41474,1
44756,1
44757,0
44761,1
44762,1
44763,0
44769,1
44771,0
6050,0
44773,0
44775,1
44781,0
44783,1
3757,1
2172,0
44799,0
44800,1
44804,0
44807,1
44809,1
6116,0
44813,1
44822,1
44824,1
44830,1
44832,0
44834,1
44835,1
44836,1
44837,1
2508,0
44838,0
44572,0
44843,1
40945,1
5106,0
34058,0
26960,0
44858,0
2087,0
44860,0
44864,0
44865,1
4674,0
44868,1
34747,0
44869,0
44870,0
44872,1
23707,0
44876,1
44877,0
44879,1
44891,0
24047,0
43492,1
42234,1
21727,0
44905,1
44909,1
37774,1
44914,1
2530,0
44935,1
44938,0
5782,0
1597,0
1697,0
25082,1
25562,0
44945,0
44947,1
44949,1
1587,0
44950,1
7875,1
44956,1
37878,1
1364,0
44964,1
32486,0
3316,0
1121,1
3440,0
41835,0
5876,1
2273,0
44973,0
44975,1
5014,0
44977,1
44980,1
2602,1
5412,0
44987,0
44993,1
44994,0
44997,1
45003,1
45006,1
45010,0
6584,0
45015,1
45018,1
45021,1
45023,0
45029,1
45030,1
36408,0
45034,0
45039,0
45041,1
1972,0
45043,1
45049,1
45051,1
1912,0
8068,1
23619,0
45066,0
6529,0
45071,0
45075,1
41580,1
45074,0
45078,1
45079,1
45082,0
2681,1
45083,0
45084,1
45085,1
21585,0
2785,1
45089,1
45091,1
5534,0
45092,1
45098,1
45099,0
45104,0
45108,1
45113,0
45115,0
45121,1
45125,1
38483,1
45128,1
45130,1
45133,0
45134,0
45140,0
3273,0
45141,0
45143,1
45144,1
35262,1
5409,0
45146,0
45147,0
45150,1
34672,0
45151,1
45153,1
45161,1
45166,1
2687,0
45170,1
22951,1
45185,1
5931,0
45192,0
45193,1
45197,1
45202,1
45204,1
45211,1
45217,1
45220,0
45221,0
45226,0
45227,0
3669,0
23125,0
45242,1
7786,0
45247,1
23425,1
45257,1
45261,1
45267,1
45270,1
23524,0
45274,0
45279,1
23275,1
27690,0
45282,1
24479,1
45284,1
45285,1
45287,1
45288,0
45292,1
45293,1
45295,0
45300,0
2141,1
22074,1
45306,0
8146,0
42962,0
44387,1
1827,0
3343,0
45308,1
45310,0
45311,1
45315,1
22709,0
45318,0
26154,0
45328,1
45330,0
45335,1
45340,1
36846,0
45347,1
45354,1
8220,1
45355,0
45356,0
45363,1
45365,0
33953,0
45385,1
3543,0
45388,0
45389,0
45404,0
45406,1
45415,1
45418,1
45424,1
45426,1
45434,1
45435,0
31697,1
29276,1
2380,0
4158,0
45437,0
6729,0
45444,0
45445,1
45446,1
45453,1
23665,1
45460,1
45467,0
45468,0
45470,0
45473,1
45478,1
42877,1
45482,1
31223,1
44507,1
43950,0
43949,0
45505,0
45511,1
45515,0
45521,1
45224,0
45529,0
3191,1
45550,1
45552,1
45557,0
45560,1
24081,0
45568,0
45570,1
1662,0
1862,1
45572,1
45573,1
45574,1
45576,1
26211,0
42634,0
45579,1
45581,1
45583,0
36638,1
45590,1
45592,0
45595,1
45596,0
45598,0
45604,0
6975,0
45606,1
45610,0
45614,0
45621,1
45623,0
24012,0
45630,1
45634,0
45639,0
44124,1
1570,0
3520,0
45649,1
24393,1
24176,0
45655,0
45658,0
45659,0
45661,1
45665,1
25908,0
45680,1
45682,1
45685,0
45686,0
45695,0
45698,1
45700,0
45701,0
45703,1
36526,1
45708,0
27404,0
25347,0
45718,1
45723,1
45724,1
45725,1
45727,0
45732,1
45734,1
45735,1
7079,0
45742,0
29597,0
4633,0
45750,1
24822,0
45754,0
45756,0
30701,0
45757,0
45759,0
45765,1
45766,1
21679,0
45770,1
6143,1
45772,0
45775,0
44173,0
24010,0
26857,0
45776,1
29948,1
45777,1
45780,0
45782,1
1295,1
45784,0
23439,1
45793,0
45795,0
45808,1
45810,0
45818,1
3597,0
6570,1
45825,1
45827,0
45831,1
45835,1
45836,0
45837,0
2372,0
45856,0
45857,0
45860,0
45870,0
25421,0
32847,1
45882,0
44400,1
45883,0
45885,0
45887,1
45894,1
6319,0
45902,1
45904,1
45905,1
45235,1
41915,0
28904,1
45916,1
45917,1
45926,0
45931,1
45932,0
45936,0
7502,1
45881,1
45939,0
2319,0
45943,0
45948,1
45949,1
43147,1
45953,0
45954,0
45955,0
42384,0
21323,0
8017,0
4772,0
7782,0
6253,1
45960,1
45961,1
24823,0
45962,1
23995,0
45970,0
45973,1
45974,0
45980,1
45981,1
21034,1
45984,1
45987,1
42927,1
22361,0
45993,1
45995,1
45998,1
46000,0
46003,1
46006,1
46010,1
46011,0
43015,1
46017,1
4315,0
2101,1
3766,0
46019,1
46021,1
46022,0
46024,1
46030,1
46033,1
46036,1
46039,1
46045,1
5267,1
46054,1
46061,1
46062,1
46067,0
46069,0
46071,1
46075,0
46077,0
7020,0
2890,0
6614,0
42109,0
3103,1
46083,0
46085,1
46086,1
46089,0
46095,0
46096,1
46098,0
46105,1
46109,0
46111,1
46112,1
21270,0
46119,1
44643,0
46125,1
46129,1
46133,1
46136,1
24387,1
46149,0
46151,0
46158,0
46162,0
46163,0
44494,1
46168,1
46170,1
46171,1
46174,0
46175,0
46177,1
46186,1
46196,1
44730,0
42118,1
46200,1
46204,1
46206,1
46209,1
46211,1
38526,1
46216,0
42874,1
46222,1
46227,0
46230,1
46231,1
46233,0
46234,1
46235,0
44695,0
46238,1
6099,1
46240,1
44703,0
21837,0
8089,1
46242,1
44867,0
46251,1
24606,1
46253,0
46255,0
46259,0
46260,0
46266,1
46271,1
3984,1
32881,1
45062,0
46275,1
46277,1
46290,0
46294,1
46299,0
46300,1
44774,0
46301,0
6747,0
46303,0
46306,0
46307,1
46308,1
46310,1
46316,1
46318,0
46321,0
46323,1
46324,1
46325,0
46328,1
22091,0
46333,1
4712,0
46336,0
3796,0
31164,1
44957,0
1331,0
23461,1
46340,1
23416,0
46345,0
46348,1
46351,0
46356,0
45036,1
7735,0
21511,0
46367,0
46375,0
46377,1
46379,1
46381,0
46382,0
46389,0
46391,0
6810,0
33053,0
46400,1
46401,1
21807,1
46405,1
5343,0
31487,0
3864,0
46410,1
1653,0
46419,0
46424,1
46429,0
23927,0
46432,1
46439,0
46448,1
46456,1
46458,1
46460,1
46462,1
32254,0
46465,1
6652,1
46467,1
46470,1
23203,0
46479,0
46480,1
46483,0
46486,1
46489,1
46491,1
46500,1
46505,1
46506,1
46508,1
2002,0
46512,0
5999,1
46517,1
46521,1
21392,1
33518,1
46531,1
46533,0
46534,1
4382,0
46538,1
46540,0
46542,0
46543,1
46546,1
3777,0
46548,1
46549,0
46553,1
46557,1
46559,1
46564,1
46565,1
46566,1
46567,1
46571,0
46573,1
46576,1
46578,1
25031,0
46589,1
45088,0
46591,1
46594,0
46599,1
43165,0
7701,1
1859,0
46602,1
37919,1
45014,0
46603,0
46609,1
46614,1
46616,0
46619,1
46623,1
46626,1
1050,1
46629,0
46631,1
46633,0
46638,1
46640,0
46641,1
46649,1
33190,1
46652,0
46654,1
46655,0
46656,0
46659,0
46660,1
46666,0
46667,1
1280,1
46668,1
46670,1
2211,0
46674,0
2520,0
40287,0
43530,1
45212,0
4890,0
5016,0
46680,1
46681,0
46683,0
46688,1
46691,0
46698,0
46700,1
46701,1
1856,1
46708,1
46710,1
46713,1
46719,1
4079,0
46722,0
46727,0
46729,1
46733,0
3238,0
21873,0
46736,1
4268,0
3462,0
46739,1
46741,0
46742,1
46745,1
44765,0
46749,1
3537,1
46766,1
46768,0
46769,1
46773,0
46774,1
46208,1
46778,0
46779,0
46782,1
46783,1
26806,0
32785,0
46790,0
46791,1
46793,1
46797,1
46802,0
36398,1
46818,1
46821,0
46830,1
46836,0
46837,1
46842,1
46846,0
22816,0
3211,0
46850,1
46851,1
46800,0
46856,1
46860,1
5607,0
46863,0
46865,1
46867,1
46870,0
36543,0
46879,1
46882,1
46895,1
46898,1
23592,0
23921,0
46906,0
46910,1
46915,0
45046,0
46909,0
4348,0
46918,0
45314,0
46920,1
46921,0
46924,0
46926,0
46927,1
46928,1
29081,0
22614,0
46932,1
46940,1
46943,0
46948,0
46954,1
46955,0
46958,1
46960,0
46961,1
29070,0
33443,1
46963,1
46964,0
6746,0
46968,1
46972,1
46973,0
46975,0
46978,1
46980,1
46981,0
45486,0
46987,0
46988,0
32937,1
46989,1
45544,1
26567,0
4553,1
1412,0
21238,0
37732,1
42267,0
46990,0
46992,1
46994,0
46997,1
3441,0
46999,1
47002,1
3897,0
45584,1
38520,0
47014,1
45016,1
47016,1
47017,0
47025,1
47028,1
47030,0
47031,1
47032,1
47034,1
2420,0
47036,1
47037,0
26773,0
47057,1
25410,0
47066,0
47067,1
47069,0
1095,0
7152,0
47074,1
47077,1
47078,1
21902,0
47079,1
35501,0
47083,1
6504,0
47084,1
21315,1
47088,1
47089,0
47090,1
47099,1
2792,0
47108,0
47114,1
21225,0
45605,1
47119,1
47121,1
1776,0
47126,1
47131,1
47135,1
47136,0
42794,0
47140,0
47142,1
36760,0
47150,1
47153,1
47164,1
47180,1
47182,1
47183,1
47186,0
47193,1
23916,0
47194,1
47200,0
47204,1
47206,1
47207,1
47209,0
47214,1
47221,0
34581,0
47222,0
47224,0
47226,1
47234,0
47236,1
47239,1
4556,0
24545,0
7386,0
3715,1
5952,1
47251,0
47252,0
6348,0
47258,0
1794,0
2161,0
24921,1
47268,1
2585,0
45906,0
34085,1
7610,0
4380,0
3547,0
33217,1
8086,1
47274,0
47277,0
7743,0
47280,1
3745,1
24979,0
1049,0
47289,1
47292,1
47296,1
6132,0
47299,1
47303,0
47305,0
47307,1
47310,1
47313,1
6207,0
47318,1
47319,0
47323,0
34080,1
42844,1
47327,1
47329,1
47332,0
6136,0
32388,1
28786,1
47338,1
47340,1
47341,0
47342,1
47345,0
47346,0
47347,1
47361,1
47362,0
47364,0
37733,1
47375,1
47373,1
47382,0
47385,1
42154,1
47386,1
47389,1
23104,0
47391,1
30176,0
47394,1
47396,0
47397,1
47398,1
4963,0
21652,0
47402,0
47405,1
47406,0
32474,1
47408,1
4519,0
47420,0
47421,0
47433,1
47440,1
45019,1
47444,1
45804,1
47454,1
47455,0
47463,1
4898,0
47467,1
47469,1
47470,1
47474,1
47475,1
47477,1
47480,0
47484,1
47489,1
47492,1
47500,1
47502,0
47504,1
47505,1
47518,1
41631,0
44313,1
47525,1
47526,1
47430,0
47531,0
37580,1
47536,1
36742,1
47540,1
47543,1
47549,1
47554,0
47555,1
4493,0
47557,1
47559,1
47560,1
47562,0
47563,1
47565,1
43625,1
47571,0
47575,1
47577,1
47582,0
47584,1
47585,1
47589,1
47592,1
47598,0
39447,1
47599,1
46122,1
3647,1
46213,0
46184,1
46219,1
47608,0
47610,1
46104,1
26721,1
4859,0
47612,1
47613,1
5023,0
47627,1