contract_id,blocked
29516,1
27462,1
21218,1
4869,1
33846,1
30031,1
22754,1
23477,1
36009,1
34201,1
1076,1
2004,1
22408,1
23100,1
24275,1
25266,1
37367,1
34670,1
37614,1
21123,1
6364,1
22094,1
31953,1
38328,1
6799,1
22893,1
34348,1
40463,1
40514,1
40858,1
23936,1
1344,1
41817,1
42097,1
6359,1
24036,1
23577,1
43452,1
44299,1
44333,1
45349,1
46248,1
46256,1
46805,1
46984,1
32337,1
23389,1
48327,1
22786,1
49251,1
2894,1
49622,1
50120,1
7715,1
47778,1
51050,1
51476,1
51999,1
52485,1
53166,1
21960,1
24788,1
32668,1
55054,1
4020,1
55196,1
44303,1
55792,1
23647,1
56256,1
56314,1
6138,1
57185,1
57458,1
22213,1
58677,1
59289,1
60289,1
60658,1
60800,1
61454,1
61566,1
62114,1
62903,1
63248,1
63421,1
64012,1
64235,1
64374,1
61997,1
32127,1
65485,1
63278,1
66464,1
66597,1
66707,1
48810,1
55568,1
67508,1
67906,1
67951,1
67993,1
68003,1
68548,1
69442,1
69452,1
70065,1
2431,1
70461,1
1436,1
71033,1
66272,1
71599,1
71924,1
54313,1
71984,1
72050,1
72094,1
72458,1
72666,1
72689,1
73312,1
74033,1
74127,1
2413,1
75056,1
2853,1
65618,1
75381,1
75498,1
29625,1
75645,1
7855,1
75902,1
76352,1
49089,1
76625,1
76689,1
76727,1
31811,1
77194,1
70656,1
77534,1
77815,1
78172,1
78213,1
78426,1
78509,1
78547,1
79394,1
79426,1
79643,1
80305,1
81067,1
81393,1
81868,1
81962,1
82232,1
82248,1
84172,1
85017,1
85581,1
85705,1
86570,1
86740,1
86809,1
87011,1
87120,1
87158,1
87382,1
87669,1
87673,1
87789,1
88030,1
88158,1
88162,1
88252,1
88596,1
88642,1
88789,1
88797,1
89921,1
89997,1
90066,1
90574,1
90754,1
90992,1
91201,1
91313,1
91896,1
92082,1
92192,1
92213,1
92283,1
92681,1
93186,1
93431,1
93825,1
93846,1
93935,1
94651,1
95168,1
95975,1
96477,1
96622,1
96964,1
96989,1
97908,1
99689,1
100915,1
22268,1
101641,1
101950,1
102042,1
102107,1
103384,1
103742,1
103800,1
103968,1
104371,1
104893,1
104926,1
105078,1
105309,1
105526,1
106168,1
106393,1
106523,1
106592,1
108241,1
108466,1
109110,1
109210,1
109298,1
109309,1
109795,1
109963,1
110024,1
110820,1
111331,1
111522,1
112152,1
112618,1
112682,1
112724,1
112761,1
112801,1
112833,1
113797,1
114210,1
114304,1
114645,1
114734,1
115246,1
115482,1
115598,1
116219,1
116259,1
116826,1
118136,1
118537,1
118955,1
119160,1
119295,1
119314,1
119556,1
119586,1
119635,1
120071,1
120338,1
120960,1
121119,1
121428,1
121688,1
121745,1
121757,1
121807,1
121916,1
124458,1
124820,1
125279,1
125513,1
125619,1
126250,1
126364,1
126650,1
126838,1
126973,1
127242,1
128414,1
128561,1
128649,1
128924,1
129384,1
129593,1
129817,1
130025,1
130297,1
130722,1
130853,1
130867,1
130895,1
130907,1
131015,1
131172,1
132418,1
133656,1
133815,1
134114,1
134125,1
134448,1
134834,1
135910,1
135983,1
136823,1
136972,1
137240,1
137597,1
137620,1
138062,1
139867,1
140212,1
140535,1
140708,1
140710,1
140942,1
142371,1
142986,1
143290,1
143723,1
143762,1
144244,1
144373,1
144440,1
144558,1
144787,1
145220,1
145320,1
145509,1
145561,1
145605,1
145860,1
146015,1
146099,1
146299,1
146572,1
147391,1
148164,1
148717,1
148855,1
149367,1
149585,1
149601,1
149695,1
150146,1
150237,1
150595,1
150648,1
150706,1
150715,1
150836,1
151000,1
151223,1
151490,1
151529,1
151743,1
151782,1
151821,1
151828,1
152206,1
152402,1
152518,1
152589,1
152600,1
152612,1
152687,1
152939,1
153349,1
153396,1
153805,1
154133,1
154251,1
154920,1
155006,1
155058,1
155059,1
155089,1
174202,1
175981,1
176220,1
176443,1
176458,1
176567,1
176959,1
177148,1
177246,1
177482,1
177619,1
178352,1
178397,1
178406,1
178550,1
178764,1
178839,1
179132,1
181047,1
181268,1
181483,1
181580,1
181995,1
182424,1
182786,1
182817,1
182907,1
183198,1
183312,1
183448,1
183900,1
183904,1
184128,1
184197,1
184529,1
184828,1
185495,1
185729,1
185944,1
186000,1
186630,1
187752,1
188053,1
188233,1
188295,1
188355,1
188638,1
188659,1
188779,1
188795,1
188797,1
188908,1
189306,1
189724,1
189841,1
190109,1
190123,1
190754,1
192118,1
192372,1
192480,1
192538,1
192540,1
192587,1
192766,1
193029,1
193232,1
193495,1
193496,1
193748,1
193752,1
193972,1
194448,1
194738,1
194744,1
194757,1
195256,1
196012,1
196629,1
197037,1
197178,1
197687,1
198017,1
198490,1
198735,1
199033,1
199623,1
199956,1
199978,1
200180,1
200498,1
201047,1
201102,1
201528,1
201637,1
201820,1
201841,1
202101,1
202686,1
202708,1
203275,1
204010,1
204165,1
204577,1
205236,1
205317,1
205653,1
206190,1
206238,1
206551,1
206628,1
206685,1
206744,1
206927,1
206951,1
207093,1
207223,1
207232,1
207283,1
207394,1
207625,1
207713,1
207767,1
207877,1
207942,1
207978,1
208076,1
208409,1
208433,1
208517,1
208567,1
208586,1
208778,1
208786,1
208852,1
208964,1
209247,1
209321,1
209372,1
209430,1
209454,1
209585,1
209635,1
209736,1
209798,1
209814,1
210457,1
210822,1
211358,1
211967,1
212750,1
212901,1
213382,1
213415,1
213645,1
213730,1
213783,1
213863,1
213904,1
213994,1
214145,1
214481,1
214695,1
214750,1
214753,1
214995,1
215312,1
215359,1
215432,1
215439,1
215596,1
215706,1
216226,1
216254,1
216263,1
216377,1
216378,1
216423,1
216776,1
216788,1
217598,1
217666,1
218099,1
218126,1
218176,1
218196,1
218235,1
218606,1
218624,1
218684,1
232720,1
232750,1
232945,1
232955,1
233120,1
233175,1
233203,1
233314,1
233320,1
233435,1
233503,1
233507,1
233563,1
233631,1
233658,1
234055,1
234058,1
234312,1
234444,1
234539,1
234575,1
260022,1
260132,1
260858,1
260919,1
261073,1
261224,1
261288,1
261631,1
262123,1
262139,1
262317,1
262363,1
262480,1
262498,1
262534,1
262551,1
262626,1
262627,1
262681,1
262755,1
262779,1
262784,1
262859,1
263018,1
263037,1
263081,1
263105,1
263114,1
263120,1
263164,1
263192,1
263221,1
263231,1
263235,1
263245,1
263341,1
263351,1
263456,1
263469,1
263478,1
263492,1
263627,1
263733,1
263775,1
263793,1
263821,1
263876,1
263916,1
264115,1
264142,1
264145,1
264197,1
264227,1
264271,1
264304,1
264401,1
264463,1
264600,1
264924,1
264944,1
265041,1
265042,1
265044,1
265064,1
265149,1
265174,1
265202,1
265242,1
265283,1
265292,1
265361,1
265534,1
265574,1
265806,1
265839,1
266024,1
266120,1
266380,1
266468,1
266514,1
266579,1
266694,1
266707,1
266750,1
266760,1
266806,1
266902,1
266903,1
266917,1
266937,1
267033,1
267071,1
267130,1
267420,1
267543,1
267823,1
267932,1
268004,1
268008,1
268140,1
24157,0
8290,0
29825,0
28205,0
30382,0
7918,0
5144,0
30520,0
30550,0
22077,0
6289,0
22557,0
28353,0
1467,0
30848,0
30908,0
25557,0
4055,0
27179,0
3206,0
27400,0
21737,0
3574,0
22239,0
31280,0
5648,0
22059,0
22340,0
5246,0
24561,0
23016,0
1228,0
8074,0
1389,0
31658,0
31690,0
31712,0
28287,0
5365,0
24731,0
2422,0
1006,0
24709,0
5350,0
5827,0
26925,0
5225,0
2440,0
31972,0
31977,0
30899,0
5990,0
31990,0
7866,0
22900,0
30569,0
27676,0
2767,0
32058,0
7546,0
32098,0
7037,0
30553,0
23993,0
32178,0
32193,0
2788,0
2491,0
24301,0
21734,0
29327,0
23757,0
24602,0
29794,0
6881,0
29859,0
4643,0
5697,0
32045,0
21199,0
29318,0
29362,0
5294,0
29928,0
27608,0
1189,0
32429,0
21690,0
23515,0
24623,0
32487,0
5703,0
28426,0
4494,0
1524,0
32555,0
21698,0
3729,0
29907,0
30441,0
1243,0
1156,0
24090,0
25253,0
8047,0
4826,0
6335,0
27761,0
32667,0
21385,0
32692,0
32698,0
32712,0
2637,0
5024,0
32745,0
32748,0
32752,0
21898,0
24500,0
7982,0
32020,0
21116,0
6163,0
32841,0
8061,0
32875,0
4718,0
31955,0
24780,0
30991,0
31732,0
24266,0
6615,0
33082,0
23022,0
24492,0
21110,0
8348,0
24216,0
33172,0
5690,0
28694,0
33211,0
33236,0
1042,0
4813,0
33302,0
33305,0
33337,0
2670,0
1290,0
33359,0
24123,0
22421,0
6836,0
33409,0
33437,0
33476,0
4909,0
30644,0
2284,0
33498,0
1410,0
22325,0
5202,0
4267,0
1682,0
33612,0
7094,0
33641,0
4138,0
33661,0
1703,0
2437,0
3935,0
33733,0
33751,0
33790,0
5310,0
25797,0
7286,0
33861,0
33886,0
7015,0
33965,0
2925,0
30585,0
3703,0
25853,0
27228,0
24618,0
34071,0
3205,0
26911,0
23520,0
4371,0
34165,0
28631,0
5429,0
3234,0
4730,0
23671,0
34214,0
4691,0
24960,0
7393,0
29679,0
8049,0
34284,0
6204,0
23840,0
5884,0
27149,0
21508,0
24463,0
21685,0
22048,0
7261,0
2081,0
31455,0
25541,0
6841,0
24566,0
25344,0
24860,0
24363,0
30253,0
28760,0
8076,0
3037,0
8106,0
3705,0
22901,0
30949,0
2529,0
7441,0
34859,0
31199,0
30618,0
24678,0
7268,0
7185,0
7863,0
1516,0
35110,0
35208,0
27521,0
35260,0
35274,0
4623,0
27776,0
24368,0
35360,0
25360,0
28226,0
2911,0
35459,0
29811,0
22024,0
35504,0
29958,0
23617,0
28490,0
27482,0
30415,0
4585,0
4379,0
35669,0
23694,0
3922,0
35694,0
5359,0
7530,0
2618,0
24109,0
5189,0
7033,0
1456,0
6444,0
26916,0
21994,0
25139,0
32522,0
1540,0
7854,0
5100,0
3512,0
1278,0
2258,0
8059,0
1863,0
33989,0
32140,0
6820,0
4048,0
3875,0
7100,0
2219,0
1199,0
3138,0
1648,0
2416,0
29216,0
7789,0
5470,0
3674,0
6432,0
28387,0
2300,0
31416,0
6358,0
1780,0
3165,0
32385,0
3867,0
2419,0
1977,0
4152,0
31997,0
1268,0
2583,0
33889,0
4448,0
26892,0
4753,0
3580,0
3056,0
24178,0
7909,0
2189,0
3255,0
5309,0
3096,0
3650,0
33803,0
3696,0
24890,0
5301,0
3434,0
23776,0
5097,0
1730,0
23193,0
1482,0
1206,0
24454,0
32460,0
35845,0
23506,0
1593,0
5420,0
1252,0
6188,0
2188,0
7062,0
27064,0
21545,0
2351,0
21305,0
1093,0
1601,0
5909,0
4242,0
34136,0
7198,0
2633,0
31693,0
24577,0
34167,0
2366,0
5698,0
35874,0
6400,0
32165,0
33020,0
1218,0
2644,0
3808,0
1117,0
29240,0
23508,0
7017,0
35896,0
27788,0
3969,0
1494,0
21382,0
33229,0
22354,0
35909,0
4243,0
1212,0
1901,0
4399,0
23441,0
5353,0
4184,0
3735,0
35917,0
35919,0
3362,0
35921,0
5155,0
2762,0
35925,0
35927,0
4360,0
8123,0
35932,0
23290,0
33308,0
27779,0
22085,0
21170,0
35945,0
31560,0
3027,0
31807,0
4367,0
6271,0
33919,0
21617,0
26572,0
8384,0
32341,0
25073,0
35960,0
6410,0
35962,0
6273,0
21953,0
30768,0
7724,0
31338,0
35970,0
35901,0
30584,0
35982,0
22173,0
3196,0
6330,0
5510,0
5278,0
28853,0
21546,0
1399,0
8073,0
26384,0
1106,0
1910,0
1303,0
3946,0
7354,0
35999,0
3615,0
36006,0
2867,0
5483,0
5153,0
36019,0
7253,0
7096,0
3513,0
29372,0
36032,0
2039,0
3382,0
36038,0
33221,0
5955,0
24242,0
2886,0
23637,0
26936,0
21100,0
5102,0
5496,0
34110,0
2955,0
31585,0
6195,0
2190,0
25034,0
2608,0
3809,0
7550,0
4181,0
6839,0
7790,0
5804,0
6550,0
1123,0
1373,0
5700,0
2754,0
4332,0
5631,0
4217,0
5710,0
5037,0
2545,0
6151,0
3944,0
60501,0
22521,0
5277,0
21786,0
5123,0
24976,0
22975,0
1565,0
33871,0
3375,0
24067,0
8276,0
1808,0
1448,0
4050,0
5203,0
23543,0
21372,0
1861,0
36084,0
36085,0
30261,0
2266,0
4852,0
36101,0
6818,0
1564,0
36107,0
36112,0
1916,0
36118,0
2285,0
25942,0
21521,0
5141,0
2217,0
26340,0
5001,0
4968,0
4450,0
21011,0
7415,0
4848,0
2629,0
1090,0
6357,0
1159,0
5530,0
25136,0
2405,0
32620,0
36133,0
36135,0
25615,0
36137,0
4472,0
3455,0
6564,0
7504,0
36141,0
36142,0
4108,0
36148,0
5098,0
36149,0
7942,0
6947,0
2680,0
3964,0
1231,0
24433,0
36166,0
3055,0
23991,0
27067,0
36174,0
36176,0
2615,0
4159,0
4432,0
21460,0
34300,0
4873,0
24064,0
6505,0
2136,0
36179,0
4201,0
1950,0
34698,0
36185,0
3340,0
5362,0
36189,0
36191,0
4632,0
3667,0
36198,0
21532,0
2357,0
3465,0
5237,0
3053,0
1611,0
36213,0
1717,0
22804,0
5207,0
1254,0
22272,0
30453,0
1606,0
24309,0
33258,0
8280,0
36227,0
3210,0
32737,0
26158,0
4008,0
5608,0
1116,0
3906,0
34347,0
33521,0
2177,0
2143,0
24425,0
1324,0
1059,0
36233,0
4109,0
34511,0
27473,0
32321,0
36251,0
36254,0
21266,0
36255,0
8003,0
23421,0
36260,0
1027,0
23777,0
7054,0
2001,0
25174,0
3085,0
6227,0
4597,0
34595,0
1062,0
32392,0
21535,0
36283,0
2532,0
35660,0
7764,0
35366,0
36292,0
3712,0
2774,0
30150,0
5172,0
34794,0
29045,0
5033,0
1636,0
7682,0
34883,0
6965,0
34856,0
7013,0
34375,0
1409,0
2885,0
1789,0
2985,0
2181,0
34557,0
35769,0
34785,0
32801,0
34412,0
35203,0
35281,0
35038,0
34671,0
35361,0
5262,0
35858,0
29098,0
1889,0
3573,0
21576,0
35127,0
29848,0
5233,0
1464,0
1368,0
34806,0
34766,0
1525,0
24865,0
8245,0
4245,0
34332,0
5259,0
35853,0
3337,0
6446,0
1747,0
1299,0
22364,0
26680,0
1392,0
35043,0
35864,0
1791,0
4397,0
1625,0
23885,0
24282,0
1440,0
7817,0
1943,0
7874,0
4704,0
34865,0
28819,0
4323,0
36305,0
6009,0
1136,0
36308,0
35346,0
8105,0
6304,0
36310,0
4428,0
6661,0
36320,0
21753,0
36323,0
34667,0
36327,0
4638,0
21226,0
6998,0
35324,0
20999,0
6789,0
4942,0
8233,0
4844,0
22578,0
2668,0
5254,0
5905,0
36339,0
36340,0
36341,0
35275,0
26530,0
36343,0
1902,0
1016,0
36344,0
2209,0
36345,0
7587,0
2598,0
26943,0
22189,0
1164,0
36349,0
5452,0
35309,0
6236,0
5380,0
24283,0
2401,0
36351,0
8316,0
21499,0
36361,0
2167,0
24294,0
36366,0
2635,0
3368,0
36376,0
23656,0
36378,0
23065,0
7378,0
36381,0
36387,0
2338,0
35276,0
25250,0
5206,0
36392,0
36393,0
36396,0
36402,0
4523,0
36404,0
8255,0
5910,0
25722,0
36415,0
36418,0
6429,0
23722,0
22764,0
6200,0
34719,0
2937,0
6115,0
22311,0
28110,0
4254,0
33874,0
24129,0
36433,0
8162,0
30394,0
36435,0
36437,0
36438,0
2735,0
36441,0
2891,0
36443,0
36444,0
4321,0
36450,0
36457,0
28382,0
5512,0
6275,0
36469,0
32022,0
23406,0
1976,0
1929,0
31465,0
2869,0
33763,0
1302,0
24460,0
21583,0
2180,0
24198,0
21157,0
28395,0
30160,0
21556,0
35199,0
1279,0
1109,0
22182,0
22796,0
3966,0
36481,0
3711,0
21982,0
3516,0
1029,0
23419,0
1501,0
21577,0
23213,0
24663,0
6940,0
30954,0
4204,0
7455,0
4697,0
33714,0
1078,0
3523,0
6590,0
27910,0
3551,0
29427,0
22809,0
1986,0
1622,0
1585,0
21544,0
4899,0
25330,0
1127,0
34913,0
21353,0
2018,0
34013,0
31014,0
5082,0
3304,0
1407,0
4803,0
23767,0
3171,0
21937,0
2825,0
36485,0
36486,0
5551,0
3059,0
36494,0
4310,0
36503,0
36504,0
2208,0
28647,0
36512,0
7528,0
36513,0
36515,0
1225,0
25077,0
36521,0
23754,0
3639,0
6635,0
3837,0
1208,0
21842,0
4977,0
29944,0
21947,0
6246,0
5711,0
36536,0
36538,0
36539,0
36540,0
2892,0
1379,0
7543,0
36551,0
2501,0
3953,0
29140,0
6520,0
1477,0
36569,0
4889,0
5949,0
27258,0
24762,0
1471,0
22050,0
7678,0
3439,0
1509,0
8019,0
2617,0
2846,0
34587,0
33560,0
36580,0
36581,0
36582,0
36583,0
1718,0
2123,0
36586,0
3619,0
6875,0
7834,0
28231,0
33793,0
36598,0
2197,0
36611,0
2538,0
8209,0
30809,0
31085,0
5570,0
3681,0
27896,0
33554,0
4746,0
2843,0
7310,0
1274,0
24522,0
21255,0
36625,0
36626,0
4269,0
1993,0
21910,0
31140,0
36640,0
1543,0
4018,0
36646,0
23418,0
36647,0
7665,0
5674,0
21251,0
8227,0
3286,0
1023,0
36655,0
2576,0
3971,0
4717,0
28305,0
4144,0
8372,0
36662,0
34611,0
4401,0
2661,0
1301,0
22731,0
5390,0
34615,0
36665,0
3148,0
3670,0
35081,0
36676,0
3892,0
4548,0
3818,0
4910,0
3347,0
4150,0
29064,0
3038,0
36690,0
2412,0
28888,0
32245,0
3731,0
22300,0
6740,0
22822,0
2274,0
1748,0
5053,0
4218,0
1515,0
2947,0
28668,0
8286,0
34407,0
1595,0
30481,0
23251,0
7478,0
24239,0
6902,0
1097,0
31610,0
24495,0
23501,0
21150,0
28289,0
27078,0
4422,0
22695,0
4257,0
1671,0
22531,0
1484,0
34760,0
33417,0
6284,0
2279,0
2119,0
36713,0
34335,0
36714,0
36715,0
5272,0
22287,0
36721,0
36722,0
25884,0
36724,0
36725,0
22569,0
24925,0
33926,0
36733,0
36738,0
3130,0
5401,0
36754,0
36757,0
3755,0
6159,0
3921,0
2693,0
32121,0
1913,0
1921,0
2210,0
36769,0
21892,0
36772,0
36774,0
21292,0
24932,0
5117,0
36783,0
6545,0
5458,0
36792,0
3352,0
3743,0
29079,0
6849,0
23851,0
2753,0
25516,0
36803,0
5883,0
1349,0
1040,0
22532,0
28257,0
36810,0
36814,0
2017,0
28933,0
3560,0
36818,0
33452,0
27511,0
36824,0
26879,0
34529,0
4705,0
27001,0
1468,0
36833,0
21252,0
5281,0
2640,0
21222,0
2696,0
7878,0
31227,0
26897,0
29646,0
4054,0
36843,0
5320,0
1853,0
1513,0
31844,0
1823,0
4991,0
26893,0
24307,0
22644,0
36853,0
2700,0
36860,0
22955,0
1523,0
22126,0
29644,0
24985,0
33311,0
1984,0
3891,0
36890,0
24510,0
4430,0
21829,0
1312,0
2129,0
7417,0
27424,0
36892,0
36893,0
3194,0
36897,0
34372,0
21603,0
7753,0
8042,0
36920,0
1472,0
4706,0
25742,0
35222,0
6476,0
5416,0
22953,0
1817,0
33580,0
29916,0
6055,0
24209,0
30526,0
24326,0
21504,0
7970,0
36933,0
22760,0
1874,0
36935,0
26445,0
1425,0
1533,0
1532,0
24124,0
29590,0
2225,0
4611,0
4140,0
3222,0
6556,0
2551,0
32769,0
7762,0
7147,0
25049,0
21314,0
36944,0
4077,0
36950,0
36954,0
3017,0
24929,0
2019,0
28013,0
36971,0
25324,0
4847,0
7980,0
5303,0
35967,0
24328,0
4034,0
36986,0
3411,0
37005,0
26678,0
28182,0
2283,0
30035,0
6770,0
5186,0
3251,0
6731,0
27403,0
3004,0
37016,0
22807,0
37022,0
37024,0
26922,0
27069,0
7953,0
37032,0
4774,0
5539,0
37046,0
28195,0
24182,0
23867,0
24033,0
32822,0
2756,0
29941,0
29459,0
21926,0
37070,0
1607,0
1459,0
37071,0
37076,0
37079,0
35805,0
7043,0
2475,0
37085,0
37090,0
22304,0
37099,0
37100,0
5770,0
37107,0
2476,0
24525,0
3587,0
6062,0
2063,0
7344,0
37119,0
23556,0
4091,0
31721,0
37134,0
1561,0
37138,0
37147,0
3015,0
37150,0
22757,0
8332,0
5799,0
37157,0
3640,0
7482,0
37160,0
27160,0
37163,0
25150,0
30245,0
2561,0
37164,0
2206,0
36243,0
6669,0
34061,0
28866,0
33353,0
21530,0
35438,0
4565,0
25939,0
4029,0
5867,0
1630,0
2479,0
33856,0
3240,0
4819,0
33056,0
5560,0
25242,0
6341,0
4066,0
23888,0
25341,0
37179,0
37180,0
3827,0
37182,0
4765,0
37183,0
37186,0
37191,0
37193,0
37195,0
37201,0
23145,0
37210,0
5643,0
3313,0
37218,0
5158,0
6018,0
37229,0
29620,0
24293,0
4429,0
6710,0
22509,0
35058,0
37233,0
34801,0
29314,0
37252,0
33155,0
37259,0
37262,0
1276,0
37269,0
1656,0
29382,0
37281,0
2114,0
22523,0
6095,0
31601,0
37290,0
37300,0
37303,0
37305,0
3429,0
37307,0
2151,0
5005,0
37319,0
28900,0
5058,0
37329,0
7243,0
1866,0
26895,0
35429,0
37344,0
37345,0
37346,0
37348,0
7551,0
37352,0
6655,0
27230,0
37355,0
24310,0
37358,0
37364,0
37369,0
37371,0
1878,0
26967,0
37375,0
21503,0
26199,0
30254,0
22585,0
34485,0
35582,0
22400,0
22049,0
23002,0
22009,0
33474,0
7195,0
31609,0
5995,0
5488,0
37388,0
36348,0
24631,0
37392,0
21719,0
35509,0
6100,0
21984,0
28066,0
37396,0
37398,0
5087,0
21948,0
25679,0
21263,0
37415,0
27809,0
1203,0
24619,0
4273,0
2227,0
37421,0
21789,0
21273,0
29274,0
24732,0
1141,0
22678,0
37435,0
24205,0
1621,0
4617,0
27209,0
37440,0
37441,0
2831,0
28794,0
6602,0
4030,0
23682,0
2502,0
1297,0
4707,0
25509,0
29854,0
21248,0
4722,0
1700,0
1575,0
27513,0
8150,0
3535,0
35401,0
5270,0
7899,0
24318,0
30959,0
2657,0
5921,0
21137,0
35299,0
2250,0
37460,0
35451,0
37463,0
24330,0
31166,0
37468,0
8163,0
7818,0
33320,0
1345,0
1933,0
3602,0
5007,0
37494,0
7573,0
3759,0
30321,0
37498,0
2781,0
1782,0
37499,0
5107,0
23302,0
2162,0
21494,0
37500,0
37505,0
30620,0
37516,0
22371,0
31979,0
21190,0
29294,0
4946,0
37525,0
37530,0
25022,0
29431,0
2779,0
37543,0
4748,0
1087,0
4921,0
37547,0
24862,0
21368,0
1362,0
23975,0
37555,0
37566,0
25182,0
2810,0
37572,0
37573,0
23616,0
37579,0
23025,0
3997,0
37587,0
23259,0
37493,0
4839,0
6259,0
1911,0
4286,0
37597,0
37599,0
35765,0
37601,0
37602,0
37606,0
37612,0
24025,0
2117,0
37616,0
37619,0
37620,0
22899,0
37625,0
37632,0
8247,0
37640,0
3821,0
3327,0
22018,0
3474,0
21799,0
29021,0
31846,0
25583,0
37645,0
6310,0
1857,0
22797,0
6736,0
3911,0
1277,0
37649,0
21288,0
37651,0
37659,0
2230,0
23355,0
2958,0
37679,0
37683,0
35031,0
4654,0
31744,0
6370,0
37689,0
37690,0
37693,0
1784,0
1884,0
7396,0
21733,0
37698,0
23040,0
2559,0
24480,0
33563,0
1245,0
37708,0
23374,0
7061,0
37709,0
23116,0
5132,0
37710,0
1306,0
27500,0
26965,0
21667,0
6220,0
24514,0
3855,0
6075,0
21578,0
5318,0
3139,0
2457,0
1265,0
28797,0
29726,0
5908,0
33151,0
28102,0
1486,0
1521,0
1184,0
27256,0
30967,0
1849,0
32658,0
3005,0
22526,0
1701,0
37714,0
2817,0
33027,0
37716,0
23550,0
37720,0
37726,0
37728,0
29529,0
37735,0
37738,0
37740,0
21915,0
27147,0
37750,0
4602,0
1851,0
5660,0
35353,0
3075,0
37755,0
25354,0
37760,0
30625,0
37256,0
1108,0
37776,0
37781,0
37791,0
23405,0
24421,0
25197,0
27629,0
24072,0
4214,0
37801,0
34435,0
37808,0
37809,0
37819,0
37826,0
37830,0
37835,0
4560,0
37845,0
37847,0
1838,0
5583,0
3622,0
21965,0
8022,0
24347,0
37518,0
22674,0
37859,0
2763,0
3297,0
2550,0
30509,0
37860,0
5628,0
37866,0
37869,0
37870,0
37872,0
7144,0
37876,0
37895,0
32122,0
37910,0
7263,0
25145,0
4317,0
25838,0
4570,0
6693,0
27334,0
24080,0
23267,0
21672,0
21771,0
3994,0
24542,0
22132,0
4081,0
4733,0
3557,0
24887,0
37921,0
37922,0
37928,0
1922,0
37934,0
37940,0
31112,0
37942,0
3464,0
28790,0
37953,0
23114,0
2795,0
2857,0
1667,0
37970,0
21411,0
3800,0
31698,0
6863,0
8251,0
3905,0
24389,0
5519,0
24177,0
28193,0
37975,0
7861,0
6164,0
37976,0
2734,0
7296,0
23530,0
23194,0
5263,0
7846,0
3768,0
4582,0
36776,0
6308,0
2569,0
5455,0
1410,0
37984,0
37986,0
37987,0
28675,0
26746,0
37997,0
37998,0
38000,0
7171,0
38003,0
38008,0
3344,0
5169,0
1660,0
38017,0
27066,0
8165,0
28598,0
3655,0
38018,0
38020,0
7579,0
38021,0
38024,0
23361,0
7734,0
34590,0
38027,0
38030,0
2367,0
38048,0
7270,0
7091,0
5109,0
6423,0
27281,0
23354,0
4555,0
4867,0
38065,0
38066,0
38071,0
38073,0
7819,0
38076,0
38078,0
29141,0
3720,0
22142,0
38084,0
2065,0
24803,0
25329,0
22665,0
38094,0
4713,0
3606,0
4262,0
38096,0
38097,0
38106,0
38109,0
6000,0
38111,0
38113,0
4725,0
38125,0
8253,0
7623,0
23879,0
36979,0
38137,0
38142,0
38147,0
3795,0
38157,0
38160,0
25231,0
6161,0
22227,0
29692,0
7713,0
8205,0
38166,0
3115,0
21113,0
21655,0
4724,0
4283,0
4186,0
27791,0
23894,0
23590,0
38183,0
3786,0
1137,0
7851,0
5032,0
21812,0
22805,0
25717,0
21453,0
5642,0
6929,0
4376,0
4764,0
38188,0
38193,0
38195,0
38197,0
38198,0
38199,0
5741,0
38201,0
38203,0
24543,0
38205,0
28727,0
38211,0
5378,0
2322,0
3285,0
4256,0
22084,0
23547,0
23044,0
28072,0
38227,0
28441,0
1262,0
3097,0
3258,0
2482,0
32383,0
6657,0
2240,0
1535,0
28910,0
38239,0
35823,0
38245,0
38247,0
22875,0
38251,0
38256,0
38259,0
1766,0
22907,0
5757,0
21472,0
38262,0
24002,0
6315,0
38270,0
38271,0
38272,0
22250,0
3007,0
35403,0
37476,0
24200,0
25230,0
38279,0
38280,0
38281,0
2642,0
3515,0
21778,0
5113,0
22217,0
2682,0
23753,0
23534,0
1002,0
8238,0
38299,0
4515,0
6168,0
38300,0
3212,0
22603,0
2146,0
5173,0
21754,0
5663,0
7495,0
4173,0
24271,0
38304,0
22324,0
1433,0
5987,0
2306,0
2770,0
4237,0
4702,0
1692,0
5118,0
21787,0
5013,0
2342,0
31118,0
22581,0
7848,0
6375,0
23531,0
6441,0
38330,0
7913,0
2304,0
4087,0
1348,0
1589,0
38336,0
22588,0
22638,0
6202,0
23533,0
38340,0
7795,0
28190,0
29974,0
3895,0
24014,0
3590,0
5145,0
27598,0
22540,0
3604,0
26634,0
7904,0
28126,0
5419,0
28333,0
24145,0
22462,0
27838,0
23967,0
1073,0
1041,0
22282,0
29851,0
2132,0
3287,0
5385,0
7957,0
24609,0
3698,0
6063,0
22146,0
25919,0
3111,0
5104,0
4199,0
38351,0
22699,0
22225,0
2537,0
2236,0
2269,0
3203,0
2212,0
2500,0
5542,0
3456,0
22267,0
6316,0
5744,0
29746,0
32916,0
1465,0
38362,0
38363,0
8108,0
22920,0
38367,0
2895,0
38372,0
8329,0
1799,0
3592,0
1140,0
3424,0
6242,0
22784,0
3648,0
6183,0
21133,0
4732,0
6385,0
24828,0
22414,0
1021,0
21770,0
5587,0
38391,0
8161,0
27059,0
7637,0
25315,0
3082,0
38392,0
27962,0
24508,0
21306,0
30478,0
21731,0
23391,0
22938,0
2934,0
7402,0
1327,0
22027,0
23204,0
1165,0
4381,0
6383,0
22062,0
23070,0
23127,0
38401,0
29492,0
1038,0
23631,0
29100,0
21164,0
6632,0
2404,0
8292,0
21662,0
22838,0
38408,0
22639,0
1745,0
22198,0
32665,0
3637,0
6426,0
1900,0
1619,0
38410,0
38412,0
23214,0
35124,0
38414,0
5463,0
38425,0
4566,0
5017,0
4995,0
7307,0
38433,0
6039,0
23205,0
24159,0
1313,0
21664,0
4084,0
5730,0
1069,0
7275,0
2126,0
3699,0
3259,0
2202,0
7156,0
23256,0
6285,0
2237,0
22031,0
3029,0
24382,0
24455,0
22092,0
24726,0
1705,0
24760,0
23934,0
24833,0
4125,0
4006,0
23820,0
25066,0
25106,0
25265,0
21026,0
4357,0
25561,0
8309,0
1020,0
23457,0
21696,0
22004,0
1498,0
5489,0
23003,0
2565,0
2822,0
21501,0
38434,0
5415,0
38435,0
38437,0
38440,0
4003,0
38441,0
38444,0
38446,0
22256,0
25543,0
3341,0
38457,0
4662,0
6701,0
22427,0
6434,0
26231,0
26292,0
38463,0
3654,0
26906,0
26975,0
4642,0
27024,0
3668,0
25173,0
21162,0
38470,0
27770,0
22694,0
5170,0
3763,0
28220,0
27981,0
27626,0
28396,0
28480,0
29135,0
3108,0
2011,0
21439,0
5110,0
23816,0
31217,0
21413,0
38471,0
24636,0
27435,0
2515,0
5531,0
6815,0
30148,0
4578,0
3080,0
24957,0
30413,0
6435,0
4729,0
38485,0
38487,0
2568,0
21586,0
1807,0
38500,0
38503,0
35606,0
38509,0
38510,0
21245,0
29581,0
38513,0
22065,0
24496,0
38517,0
23041,0
24471,0
25585,0
23831,0
3152,0
5125,0
22236,0
21131,0
25803,0
24094,0
38524,0
6222,0
21502,0
21354,0
24909,0
26871,0
5767,0
1476,0
38539,0
4244,0
29862,0
31476,0
4825,0
3399,0
27315,0
22061,0
23525,0
22477,0
26124,0
21868,0
31287,0
2646,0
25245,0
38541,0
34217,0
2120,0
7601,0
38547,0
22073,0
3686,0
38552,0
38559,0
4861,0
4473,0
27298,0
29035,0
4322,0
24446,0
3586,0
38570,0
38571,0
28434,0
30656,0
2448,0
25299,0
27434,0
7175,0
22399,0
25163,0
27150,0
31464,0
25827,0
7556,0
4468,0
2655,0
38581,0
4239,0
7282,0
5991,0
24383,0
24437,0
2765,0
29891,0
32449,0
29884,0
38593,0
38594,0
22326,0
38604,0
2186,0
27491,0
22612,0
38607,0
24235,0
27251,0
6384,0
35712,0
36643,0
4211,0
23108,0
7292,0
27092,0
38614,0
7592,0
23536,0
38617,0
21913,0
24885,0
6157,0
30128,0
24398,0
23891,0
8358,0
28684,0
22407,0
24444,0
23471,0
38625,0
24786,0
22688,0
23771,0
1819,0
4806,0
8084,0
23652,0
27010,0
21526,0
22808,0
25698,0
25156,0
22602,0
2889,0
27848,0
6712,0
22306,0
3249,0
23143,0
3102,0
4164,0
1342,0
27469,0
21553,0
7319,0
2656,0
25247,0
4688,0
5862,0
1406,0
38637,0
38638,0
38641,0
27907,0
25464,0
24966,0
29122,0
29878,0
30698,0
7747,0
30851,0
38643,0
3965,0
29871,0
3556,0
29395,0
28019,0
2127,0
8172,0
24664,0
21774,0
3186,0
23001,0
7611,0
25535,0
23496,0
21832,0
6754,0
5810,0
26538,0
7149,0
4356,0
24717,0
5395,0
24291,0
38651,0
28369,0
29414,0
22184,0
24703,0
25690,0
6585,0
4795,0
5477,0
25096,0
22222,0
22538,0
7404,0
3174,0
8192,0
27101,0
2196,0
3284,0
3915,0
4364,0
3331,0
5850,0
22444,0
5972,0
4802,0
24513,0
7136,0
4581,0
2557,0
21836,0
24371,0
21845,0
23304,0
3155,0
3319,0
21976,0
3307,0
21205,0
26745,0
26994,0
27443,0
1990,0
21459,0
1341,0
21233,0
23779,0
24555,0
7559,0
6577,0
29323,0
38668,0
4647,0
21645,0
38675,0
6832,0
27086,0
5038,0
8102,0
22627,0
22123,0
2395,0
23835,0
27503,0
24290,0
8190,0
5984,0
38692,0
38693,0
7505,0
5296,0
30425,0
23358,0
6090,0
29799,0
6268,0
3432,0
2121,0
6470,0
38699,0
22192,0
38706,0
6751,0
21936,0
1991,0
3170,0
7135,0
5718,0
5672,0
1825,0
8234,0
21968,0
6147,0
27082,0
5059,0
38713,0
38717,0
38718,0
38720,0
38722,0
38726,0
23511,0
4811,0
28869,0
23349,0
21643,0
2542,0
25026,0
7034,0
29763,0
5839,0
27803,0
5129,0
8225,0
4343,0
4129,0
38751,0
1187,0
6667,0
7458,0
21671,0
1578,0
3831,0
6642,0
27237,0
23109,0
31154,0
38760,0
38762,0
38765,0
7167,0
38768,0
4438,0
22677,0
4778,0
38779,0
5665,0
3224,0
3476,0
24657,0
24031,0
1485,0
4816,0
2741,0
23011,0
27190,0
23659,0
2979,0
2452,0
38791,0
38792,0
38793,0
4787,0
22103,0
3728,0
24700,0
38798,0
38799,0
21485,0
30080,0
3927,0
5709,0
3819,0
24834,0
38803,0
2634,0
22441,0
4250,0
38817,0
7541,0
5932,0
21197,0
1142,0
22741,0
2083,0
38822,0
33352,0
4981,0
24063,0
38836,0
38837,0
3175,0
33483,0
38849,0
24199,0
38850,0
38852,0
22943,0
38858,0
22252,0
26847,0
7797,0
38864,0
28717,0
38868,0
4988,0
31996,0
38871,0
38878,0
25160,0
38883,0
1918,0
38885,0
4833,0
38886,0
25318,0
1377,0
38887,0
38854,0
38889,0
4136,0
8057,0
33789,0
5756,0
33315,0
38899,0
4539,0
6345,0
26859,0
27152,0
1948,0
2572,0
38901,0
27420,0
7560,0
8142,0
38913,0
38915,0
38922,0
38932,0
4297,0
24999,0
38937,0
7011,0
4365,0
32450,0
38943,0
31754,0
31754,0
38944,0
38945,0
3860,0
38950,0
38952,0
38956,0
38958,0
38964,0
38971,0
38973,0
38979,0
27373,0
38982,0
38989,0
4876,0
39006,0
23382,0
1725,0
39016,0
21431,0
1506,0
39027,0
39035,0
25928,0
35167,0
26920,0
3908,0
21487,0
31210,0
29875,0
2957,0
27523,0
27119,0
32338,0
3163,0
39076,0
3150,0
7895,0
6734,0
39085,0
2417,0
4312,0
39089,0
39094,0
39100,0
24977,0
39107,0
6091,0
39123,0
39124,0
22880,0
39135,0
39136,0
3877,0
1190,0
2170,0
39139,0
39143,0
39144,0
21608,0
3061,0
3804,0
6663,0
1043,0
3783,0
22036,0
5345,0
24997,0
3388,0
28015,0
39152,0
1007,0
32242,0
23325,0
39157,0
29874,0
39164,0
39177,0
2157,0
5689,0
39181,0
28601,0
4335,0
24005,0
39190,0
39194,0
2708,0
27652,0
21875,0
39199,0
39202,0
39204,0
39205,0
39209,0
39210,0
39214,0
39217,0
30308,0
39224,0
24215,0
39227,0
35372,0
30360,0
25300,0
39251,0
3020,0
39257,0
39258,0
39264,0
21522,0
39281,0
39285,0
25784,0
32995,0
7118,0
3958,0
39311,0
1460,0
39332,0
39335,0
39342,0
5256,0
2222,0
39353,0
24277,0
2112,0
39364,0
39373,0
39378,0
30422,0
39388,0
39400,0
39408,0
27210,0
3962,0
27797,0
1731,0
21651,0
22015,0
22053,0
2984,0
21015,0
23292,0
5766,0
7472,0
4549,0
39430,0
3226,0
39435,0
4507,0
4082,0
39445,0
39448,0
38343,0
30181,0
21426,0
39453,0
39462,0
35778,0
39466,0
39469,0
39471,0
1139,0
1792,0
24076,0
4640,0
1643,0
39481,0
29539,0
7577,0
39492,0
39496,0
21729,0
39500,0
5367,0
2628,0
29042,0
21695,0
6468,0
39531,0
3436,0
3127,0
7831,0
6360,0
21297,0
24230,0
1633,0
1458,0
39543,0
5006,0
39544,0
7222,0
21187,0
39549,0
39550,0
39552,0
25233,0
39555,0
39556,0
39559,0
1192,0
39561,0
33447,0
24521,0
4720,0
6205,0
7705,0
39575,0
39576,0
39578,0
22722,0
3022,0
7125,0
39581,0
39582,0
22587,0
39586,0
22463,0
39587,0
39588,0
25134,0
6624,0
22464,0
3785,0
6959,0
5647,0
39602,0
39604,0
27612,0
8208,0
2421,0
2736,0
3926,0
4206,0
21383,0
8312,0
3345,0
5245,0
32324,0
39612,0
39616,0
39620,0
39631,0
39640,0
39641,0
39644,0
25590,0
2976,0
39650,0
39651,0
39658,0
39668,0
39669,0
39676,0
39681,0
39682,0
39684,0
39686,0
39687,0
23512,0
2653,0
1713,0
39693,0
39701,0
39703,0
39704,0
24190,0
25270,0
5886,0
1426,0
39732,0
39733,0
39735,0
39737,0
39738,0
24557,0
5398,0
1162,0
39752,0
39756,0
39763,0
1357,0
39765,0
39767,0
39773,0
39775,0
4608,0
39777,0
39782,0
39784,0
26999,0
3872,0
39802,0
23373,0
22172,0
39805,0
30067,0
5438,0
39810,0
39815,0
31045,0
5394,0
5220,0
3976,0
25476,0
6776,0
5414,0
24434,0
39826,0
26494,0
39843,0
39844,0
39848,0
27701,0
21212,0
23291,0
39854,0
31691,0
39855,0
39856,0
6936,0
3716,0
39873,0
27628,0
32611,0
2173,0
6459,0
39888,0
39889,0
39890,0
39891,0
22023,0
31202,0
32593,0
30695,0
39915,0
39920,0
39924,0
39929,0
35091,0
39938,0
21219,0
39946,0
39947,0
39953,0
3176,0
2507,0
35418,0
39968,0
39977,0
38406,0
4575,0
21387,0
28060,0
39989,0
39990,0
39997,0
34610,0
4656,0
7937,0
29536,0
25237,0
1787,0
23523,0
3373,0
40000,0
40002,0
4812,0
40015,0
6865,0
40024,0
40027,0
5706,0
24262,0
40059,0
40060,0
4178,0
40079,0
33492,0
24489,0
40098,0
40101,0
40104,0
34594,0
40115,0
21660,0
27348,0
40128,0
40129,0
35650,0
25446,0
24391,0
40136,0
22654,0
40141,0
35688,0
28638,0
22974,0
40165,0
40170,0
35104,0
23766,0
4762,0
40188,0
6999,0
40189,0
2914,0
29452,0
4024,0
21716,0
6767,0
22906,0
6497,0
26914,0
5503,0
40202,0
31952,0
40207,0
8242,0
6171,0
1505,0
3378,0
1557,0
5508,0
40229,0
27273,0
39603,0
40241,0
40243,0
40247,0
40251,0
40252,0
40253,0
40254,0
40266,0
30869,0
40280,0
40282,0
40293,0
23237,0
4305,0
40302,0
40303,0
40306,0
1197,0
40319,0
7372,0
40324,0
40327,0
23458,0
2525,0
5486,0
40332,0
40333,0
40334,0
28650,0
21477,0
40344,0
40345,0
24804,0
40350,0
38757,0
40362,0
40366,0
2703,0
21850,0
4477,0
24849,0
3709,0
39175,0
5575,0
4536,0
2512,0
7401,0
7877,0
27497,0
34935,0
28107,0
3062,0
6597,0
31396,0
40391,0
2999,0
40399,0
40403,0
32595,0
24719,0
40409,0
21201,0
40416,0
40419,0
21533,0
3054,0
40436,0
40442,0
2430,0
22595,0
4628,0
32571,0
40446,0
40448,0
8349,0
40452,0
40455,0
40460,0
22800,0
40462,0
28284,0
1826,0
40473,0
4896,0
21506,0
40490,0
40495,0
40499,0
23607,0
27195,0
8211,0
2874,0
40507,0
40510,0
40511,0
40516,0
40530,0
1518,0
3967,0
40542,0
6002,0
1618,0
40552,0
40557,0
31075,0
40560,0
28548,0
4708,0
40563,0
35609,0
40569,0
40570,0
4121,0
3460,0
40573,0
40576,0
1215,0
40580,0
40582,0
40587,0
40593,0
29253,0
22056,0
4957,0
28512,0
40597,0
40611,0
21241,0
2229,0
4249,0
40619,0
29092,0
31311,0
3169,0
40629,0
40636,0
40638,0
40639,0
24476,0
40644,0
2996,0
3087,0
1821,0
40649,0
23438,0
22064,0
33450,0
4865,0
5762,0
4488,0
24766,0
5114,0
7070,0
40661,0
30240,0
6704,0
6997,0
21410,0
7368,0
40684,0
1120,0
40685,0
24428,0
40704,0
40707,0
40712,0
40716,0
40717,0
40718,0
5265,0
7536,0
40720,0
40728,0
40730,0
4162,0
40737,0
40741,0
6135,0
34297,0
2139,0
4396,0
22344,0
27414,0
23813,0
40760,0
5142,0
7301,0
1441,0
40768,0
40772,0
40773,0
23938,0
21317,0
22180,0
40785,0
40796,0
3418,0
34194,0
40799,0
4352,0
4652,0
27021,0
40801,0
40804,0
4392,0
4130,0
5348,0
27083,0
40102,0
1481,0
3807,0
24466,0
40814,0
28992,0
23603,0
40822,0
40823,0
40828,0
40831,0
40833,0
40835,0
40836,0
1970,0
40840,0
40841,0
6973,0
6235,0
33420,0
24784,0
4587,0
40859,0
27161,0
22152,0
40862,0
40863,0
40867,0
40871,0
40873,0
40875,0
40880,0
40884,0
40885,0
40887,0
7076,0
1801,0
40894,0
40895,0
40897,0
40900,0
30337,0
40916,0
40918,0
40922,0
40925,0
23645,0
40932,0
40933,0
40936,0
40955,0
7288,0
6763,0
3001,0
40976,0
40978,0
3371,0
40981,0
21644,0
40984,0
40986,0
40238,0
2216,0
35704,0
1411,0
23564,0
5411,0
4482,0
24883,0
7784,0
3644,0
40989,0
27300,0
5346,0
40994,0
41016,0
36222,0
40353,0
5716,0
3374,0
27372,0
28881,0
40315,0
41046,0
3970,0
41050,0
5495,0
29068,0
6034,0
41059,0
41060,0
41064,0
24943,0
4056,0
21393,0
4189,0
41074,0
41075,0
41081,0
3204,0
24406,0
41088,0
41091,0
32094,0
26798,0
2789,0
21483,0
6766,0
31770,0
29637,0
6076,0
41114,0
33413,0
41117,0
40412,0
1119,0
5227,0
5284,0
5891,0
40433,0
41127,0
41129,0
41130,0
34027,0
33336,0
41131,0
34029,0
34326,0
3948,0
32845,0
41147,0
30352,0
24644,0
32627,0
23521,0
33821,0
3447,0
41171,0
41172,0
41175,0
41177,0
1650,0
21160,0
41201,0
23729,0
41205,0
41207,0
3104,0
26070,0
36467,0
41219,0
41223,0
3613,0
29695,0
41244,0
41248,0
7845,0
41262,0
34060,0
41267,0
41274,0
41275,0
3544,0
5288,0
41282,0
33005,0
41283,0
21785,0
24919,0
2124,0
1413,0
26171,0
41293,0
24186,0
41314,0
1598,0
41318,0
36912,0
6184,0
41322,0
41330,0
41331,0
41332,0
41339,0
41346,0
5641,0
1259,0
30731,0
41356,0
41357,0
2072,0
41361,0
41369,0
4563,0
41378,0
32823,0
41381,0
41392,0
4021,0
39839,0
41405,0
4770,0
5896,0
41408,0
30034,0
2268,0
22174,0
32963,0
4514,0
27393,0
41444,0
41445,0
41447,0
24268,0
40596,0
2455,0
27679,0
5112,0
41452,0
25024,0
40786,0
23489,0
29968,0
4614,0
41487,0
23919,0
8203,0
41511,0
41513,0
41514,0
29213,0
41516,0
2360,0
5337,0
4832,0
41523,0
41532,0
3101,0
6251,0
41549,0
23896,0
40844,0
30400,0
7477,0
41572,0
2400,0
27508,0
41582,0
41584,0
26525,0
41585,0
40893,0
41587,0
41589,0
23532,0
41601,0
41605,0
5400,0
24323,0
28774,0
31624,0
27451,0
24074,0
1138,0
41622,0
2041,0
24019,0
5115,0
33932,0
41641,0
7643,0
21376,0
41668,0
41670,0
41672,0
3585,0
34984,0
41691,0
1702,0
41004,0
1152,0
41704,0
1873,0
24648,0
41721,0
5866,0
40777,0
40289,0
41725,0
41726,0
41728,0
41731,0
41735,0
41737,0
38676,0
22530,0
7984,0
41749,0
41752,0
41014,0
5374,0
5533,0
1715,0
3404,0
41013,0
41759,0
4728,0
41764,0
41765,0
41768,0
41769,0
41253,0
41785,0
41786,0
1603,0
22195,0
41813,0
28761,0
41128,0
2999,0
41823,0
6174,0
22759,0
21141,0
1415,0
41828,0
41831,0
24502,0
21996,0
41840,0
41843,0
1843,0
41850,0
6317,0
4210,0
41857,0
41860,0
2213,0
1056,0
33007,0
41875,0
3988,0
2698,0
41889,0
41891,0
27027,0
41894,0
6326,0
41896,0
41901,0
7652,0
6850,0
3554,0
23411,0
5404,0
7078,0
3049,0
41911,0
41913,0
41916,0
41918,0
41925,0
3530,0
41936,0
24131,0
4801,0
41944,0
41946,0
41947,0
41949,0
41950,0
41955,0
41957,0
41960,0
41962,0
34222,0
41975,0
41976,0
22095,0
2606,0
41987,0
1690,0
41993,0
42003,0
6982,0
37402,0
42010,0
4550,0
29808,0
23690,0
42024,0
1879,0
42030,0
24942,0
4293,0
42041,0
42042,0
42057,0
6883,0
42065,0
42069,0
4994,0
41017,0
24870,0
32313,0
33076,0
34185,0
41744,0
24369,0
5903,0
41443,0
42027,0
42079,0
40882,0
42089,0
21114,0
1222,0
31189,0
42105,0
42107,0
42111,0
42124,0
42127,0
42128,0
27636,0
42130,0
42133,0
42135,0
42139,0
42140,0
42152,0
42156,0
42157,0
42171,0
42176,0
42178,0
42180,0
29700,0
42182,0
42185,0
42186,0
2060,0
40186,0
42197,0
4299,0
41498,0
24815,0
42204,0
42208,0
42213,0
42214,0
2247,0
42226,0
42228,0
42229,0
27660,0
24374,0
42238,0
42240,0
31832,0
32515,0
5776,0
2334,0
42242,0
24312,0
5975,0
1499,0
6318,0
3342,0
7876,0
21242,0
42245,0
42247,0
42249,0
42251,0
35791,0
42261,0
42265,0
25295,0
22478,0
7603,0
42269,0
42272,0
21195,0
21818,0
42276,0
33158,0
5377,0
2704,0
42277,0
6531,0
42280,0
42283,0
42288,0
22158,0
42289,0
42293,0
42299,0
42308,0
42318,0
42320,0
42324,0
42329,0
40250,0
24181,0
7699,0
42333,0
42334,0
42335,0
42344,0
3943,0
42351,0
42370,0
42374,0
5889,0
42375,0
42376,0
42378,0
42380,0
42381,0
23529,0
34469,0
7600,0
4449,0
42401,0
42412,0
42414,0
8226,0
42430,0
42432,0
41528,0
42441,0
6017,0
1266,0
42462,0
42463,0
41982,0
5446,0
30293,0
39974,0
23979,0
41007,0
42473,0
42475,0
42481,0
1752,0
42484,0
42487,0
42491,0
42494,0
42498,0
42501,0
7132,0
42507,0
5592,0
1179,0
6502,0
42514,0
21884,0
42518,0
42522,0
3945,0
42533,0
42535,0
42542,0
42548,0
39099,0
42561,0
1107,0
42563,0
42566,0
8072,0
42570,0
1318,0
42588,0
7369,0
42590,0
42595,0
42594,0
42599,0
42600,0
31840,0
42603,0
42607,0
42608,0
35358,0
42611,0
42623,0
42628,0
42640,0
42645,0
4751,0
42654,0
42660,0
42662,0
42663,0
42666,0
42668,0
30573,0
42683,0
42684,0
7317,0
23072,0
42686,0
1363,0
42692,0
42693,0
42698,0
2159,0
42701,0
41999,0
4610,0
21327,0
7605,0
42708,0
41858,0
6388,0
42717,0
42718,0
42720,0
41872,0
42723,0
42726,0
42727,0
42731,0
4374,0
42741,0
42745,0
42748,0
42751,0
25378,0
42754,0
42756,0
42758,0
42762,0
42769,0
42770,0
42771,0
42772,0
4521,0
42773,0
1680,0
21308,0
42778,0
21927,0
42782,0
7134,0
42786,0
42790,0
42795,0
42798,0
42803,0
42805,0
42806,0
42809,0
42811,0
42814,0
42815,0
42818,0
42822,0
42823,0
42824,0
42825,0
42827,0
42828,0
42829,0
42830,0
42831,0
21474,0
7714,0
42832,0
42834,0
5282,0
42836,0
42839,0
42840,0
32525,0
42846,0
42849,0
42850,0
42855,0
42856,0
6199,0
42875,0
42880,0
42888,0
42892,0
42896,0
42902,0
41906,0
28713,0
42906,0
42908,0
24672,0
4696,0
42911,0
7443,0
42914,0
42915,0
42918,0
42922,0
42924,0
42925,0
42926,0
42932,0
42938,0
42943,0
42948,0
42950,0
42951,0
42952,0
42956,0
6826,0
42957,0
42958,0
42961,0
42963,0
42965,0
42968,0
42969,0
42970,0
42976,0
42977,0
42985,0
8109,0
42992,0
3318,0
43000,0
43003,0
43004,0
43006,0
3880,0
1175,0
43011,0
41942,0
2504,0
42092,0
41954,0
41941,0
43023,0
43024,0
43028,0
43030,0
43034,0
43040,0
43041,0
41988,0
5088,0
29401,0
2407,0
32614,0
26359,0
42037,0
6126,0
43043,0
43045,0
43046,0
43050,0
33654,0
43057,0
43059,0
43060,0
43065,0
43067,0
43068,0
43072,0
43073,0
43076,0
21705,0
43079,0
43081,0
43083,0
43086,0
43089,0
43096,0
42064,0
43098,0
24517,0
43101,0
43102,0
43107,0
43112,0
43115,0
30588,0
43116,0
43124,0
43126,0
43127,0
43130,0
43138,0
43141,0
43142,0
43145,0
43146,0
43149,0
43150,0
43154,0
3548,0
43164,0
43170,0
43171,0
43175,0
43179,0
43184,0
6395,0
43190,0
43192,0
43198,0
43199,0
43209,0
43214,0
4930,0
43220,0
43221,0
43222,0
3261,0
2717,0
4171,0
43225,0
3534,0
43230,0
43231,0
43233,0
43236,0
43240,0
4874,0
43254,0
43255,0
42087,0
43258,0
43264,0
43265,0
30319,0
43272,0
6074,0
7770,0
43279,0
32528,0
43280,0
43282,0
4002,0
43285,0
43286,0
43290,0
43291,0
43293,0
43239,0
43295,0
43297,0
43299,0
43302,0
33157,0
43309,0
43316,0
43319,0
43321,0
24366,0
43327,0
43331,0
2571,0
22821,0
24229,0
43333,0
6376,0
43336,0
43342,0
8323,0
43345,0
5260,0
2981,0
4810,0
7785,0
2986,0
4814,0
3996,0
43348,0
43349,0
4014,0
43351,0
43352,0
43355,0
29519,0
43358,0
42949,0
43341,0
43363,0
41983,0
43364,0
28440,0
43375,0
30945,0
43392,0
39428,0
43394,0
4329,0
43401,0
43402,0
5863,0
43405,0
43406,0
43412,0
43415,0
43425,0
35673,0
43432,0
4970,0
43437,0
2581,0
43441,0
43445,0
43447,0
43449,0
43450,0
42539,0
2801,0
43459,0
43460,0
43465,0
43469,0
43470,0
43471,0
43472,0
43474,0
43479,0
43253,0
43486,0
43488,0
23720,0
3704,0
43495,0
43500,0
5382,0
43503,0
43507,0
26941,0
24279,0
43513,0
43514,0
43516,0
43518,0
32358,0
43520,0
43521,0
43528,0
43533,0
43539,0
43542,0
41263,0
43546,0
43555,0
43559,0
3691,0
43564,0
23597,0
43525,0
7262,0
43573,0
42322,0
3562,0
43580,0
43593,0
43597,0
43598,0
42857,0
43603,0
43604,0
43605,0
43608,0
43609,0
5725,0
25371,0
6309,0
24132,0
4636,0
33702,0
43628,0
22454,0
43630,0
3624,0
4458,0
24143,0
7294,0
42444,0
4296,0
5745,0
24367,0
42330,0
43634,0
43637,0
43638,0
24281,0
4404,0
43645,0
43647,0
43649,0
43655,0
42409,0
43664,0
43667,0
43676,0
25190,0
21762,0
43679,0
43680,0
3043,0
43686,0
33795,0
21764,0
43687,0
42455,0
2815,0
43691,0
43692,0
43697,0
43698,0
25274,0
43703,0
43700,0
43704,0
43717,0
43720,0
43722,0
7777,0
43725,0
43727,0
43729,0
22979,0
43730,0
43731,0
31884,0
43736,0
43726,0
4107,0
28816,0
3726,0
43744,0
36841,0
43761,0
43763,0
43765,0
4174,0
43768,0
2149,0
43772,0
42362,0
43777,0
43780,0
43785,0
43791,0
21712,0
1614,0
43794,0
43795,0
3245,0
43799,0
43802,0
43804,0
43813,0
3197,0
42493,0
43824,0
34904,0
43825,0
43827,0
28260,0
2720,0
1658,0
42327,0
28988,0
43830,0
43833,0
36440,0
43836,0
43837,0
43601,0
43839,0
43840,0
43841,0
43845,0
43849,0
43850,0
42418,0
43852,0
43853,0
28146,0
43859,0
43860,0
23926,0
7290,0
43866,0
43873,0
43880,0
43884,0
43890,0
43892,0
34135,0
43895,0
1017,0
43901,0
43902,0
43903,0
43905,0
43908,0
43909,0
43910,0
43913,0
27326,0
2573,0
24166,0
41002,0
21865,0
42629,0
2204,0
42658,0
26868,0
43919,0
6813,0
31874,0
43928,0
43930,0
43937,0
43938,0
43943,0
29131,0
34117,0
43964,0
24797,0
43966,0
2713,0
43967,0
43968,0
43971,0
31389,0
43973,0
43976,0
43981,0
43982,0
43983,0
43984,0
43988,0
2589,0
43995,0
44009,0
44010,0
44011,0
44012,0
44020,0
1582,0
44022,0
27718,0
5627,0
24872,0
44042,0
44045,0
44055,0
27754,0
43054,0
44062,0
44070,0
44072,0
44076,0
44079,0
44085,0
44086,0
44089,0
44091,0
44100,0
23715,0
32471,0
44102,0
44103,0
44104,0
44110,0
44111,0
43417,0
44129,0
44130,0
44143,0
2989,0
44147,0
2917,0
2610,0
44155,0
44156,0
44157,0
44158,0
44161,0
32068,0
1397,0
44162,0
44166,0
44167,0
44171,0
44172,0
44174,0
44175,0
44176,0
44179,0
44181,0
44182,0
44184,0
44185,0
44186,0
44193,0
23566,0
44195,0
44196,0
42470,0
44211,0
44212,0
44214,0
21933,0
44221,0
42691,0
5837,0
1438,0
44231,0
44233,0
44235,0
44239,0
44240,0
4509,0
44243,0
43263,0
44249,0
44250,0
44197,0
44252,0
44253,0
42893,0
44256,0
2760,0
44257,0
44259,0
44260,0
44261,0
5428,0
4868,0
2716,0
24907,0
4041,0
44266,0
44267,0
44272,0
44275,0
30883,0
42991,0
44296,0
5471,0
1065,0
44306,0
44307,0
44311,0
44312,0
3409,0
44316,0
29305,0
44318,0
44320,0
44321,0
44323,0
44324,0
44326,0
44328,0
44330,0
7353,0
26176,0
3533,0
44332,0
44335,0
44340,0
44341,0
44345,0
44350,0
44352,0
44356,0
44357,0
44359,0
44360,0
44363,0
44364,0
44370,0
44371,0
2516,0
44373,0
44376,0
44382,0
44384,0
44389,0
44393,0
44394,0
27199,0
44396,0
44397,0
2935,0
44408,0
44411,0
44416,0
44420,0
44424,0
44427,0
44430,0
44438,0
44440,0
44443,0
44447,0
44453,0
44458,0
44459,0
44462,0
44467,0
44475,0
1508,0
44478,0
43036,0
29785,0
44482,0
44108,0
44220,0
44486,0
44488,0
44489,0
44492,0
5191,0
44506,0
44509,0
44510,0
44511,0
44540,0
6612,0
44543,0
44544,0
44547,0
44549,0
8331,0
1741,0
21023,0
44553,0
44558,0
44559,0
44561,0
44336,0
44577,0
44584,0
44586,0
44588,0
43103,0
44590,0
35851,0
24038,0
44594,0
44596,0
44599,0
44600,0
44603,0
22150,0
44606,0
44607,0
7435,0
44150,0
3793,0
23385,0
44614,0
44617,0
44618,0
44620,0
44622,0
28083,0
44625,0
44629,0
44630,0
44631,0
44627,0
2560,0
24651,0
29058,0
41305,0
2811,0
7763,0
44637,0
44638,0
44639,0
44640,0
1304,0
22792,0
44654,0
44655,0
44657,0
44660,0
44669,0
44670,0
44673,0
44682,0
44686,0
31435,0
44687,0
44688,0
44689,0
44691,0
44698,0
5464,0
23491,0
44707,0
44708,0
44709,0
44710,0
44714,0
44715,0
44716,0
44717,0
1334,0
44729,0
44740,0
41337,0
44749,0
41474,0
44756,0
44757,0
44761,0
44762,0
44763,0
44769,0
44771,0
6050,0
44773,0
44775,0
44781,0
44783,0
3757,0
2172,0
44799,0
44800,0
44804,0
44807,0
44809,0
6116,0
44813,0
44822,0
44824,0
44830,0
44832,0
44834,0
44835,0
44836,0
44837,0
2508,0
44838,0
44572,0
44843,0
40945,0
5106,0
34058,0
26960,0
44858,0
2087,0
44860,0
44864,0
44865,0
4674,0
44868,0
34747,0
44869,0
44870,0
44872,0
23707,0
44876,0
44877,0
44879,0
44891,0
24047,0
43492,0
42234,0
21727,0
44905,0
44909,0
37774,0
44914,0
2530,0
44935,0
44938,0
5782,0
1597,0
1697,0
25082,0
25562,0
44945,0
44947,0
44949,0
1587,0
44950,0
7875,0
44956,0
37878,0
1364,0
44964,0
32486,0
3316,0
1121,0
3440,0
41835,0
5876,0
2273,0
44973,0
44975,0
5014,0
44977,0
44980,0
2602,0
5412,0
44987,0
44993,0
44994,0
44997,0
45003,0
45006,0
45010,0
6584,0
45015,0
45018,0
45021,0
45023,0
45029,0
45030,0
36408,0
45034,0
45039,0
45041,0
1972,0
45043,0
45049,0
45051,0
1912,0
8068,0
23619,0
45066,0
6529,0
45071,0
45075,0
41580,0
45074,0
45078,0
45079,0
45082,0
2681,0
45083,0
45084,0
45085,0
21585,0
2785,0
45089,0
45091,0
5534,0
45092,0
45098,0
45099,0
45104,0
45108,0
45113,0
45115,0
45121,0
45125,0
38483,0
45128,0
45130,0
45133,0
45134,0
45140,0
3273,0
45141,0
45143,0
45144,0
35262,0
5409,0
45146,0
45147,0
45150,0
34672,0
45151,0
45153,0
45161,0
45166,0
2687,0
45170,0
22951,0
45185,0
5931,0
45192,0
45193,0
45197,0
45202,0
45204,0
45211,0
45217,0
45220,0
45221,0
45226,0
45227,0
3669,0
23125,0
45242,0
7786,0
45247,0
23425,0
45257,0
45261,0
45267,0
45270,0
23524,0
45274,0
45279,0
23275,0
27690,0
45282,0
24479,0
45284,0
45285,0
45287,0
45288,0
45292,0
45293,0
45295,0
45300,0
2141,0
22074,0
45306,0
8146,0
42962,0
44387,0
1827,0
3343,0
45308,0
45310,0
45311,0
45315,0
22709,0
45318,0
26154,0
45328,0
45330,0
45335,0
45340,0
36846,0
45347,0
45354,0
8220,0
45355,0
45356,0
45363,0
45365,0
33953,0
45385,0
3543,0
45388,0
45389,0
45404,0
45406,0
45415,0
45418,0
45424,0
45426,0
45434,0
45435,0
31697,0
29276,0
2380,0
4158,0
45437,0
6729,0
45444,0
45445,0
45446,0
45453,0
23665,0
45460,0
45467,0
45468,0
45470,0
45473,0
45478,0
42877,0
45482,0
31223,0
44507,0
43950,0
43949,0
45505,0
45511,0
45515,0
45521,0
45224,0
45529,0
3191,0
45550,0
45552,0
45557,0
45560,0
24081,0
45568,0
45570,0
1662,0
1862,0
45572,0
45573,0
45574,0
45576,0
26211,0
42634,0
45579,0
45581,0
45583,0
36638,0
45590,0
45592,0
45595,0
45596,0
45598,0
45604,0
6975,0
45606,0
45610,0
45614,0
45621,0
45623,0
24012,0
45630,0
45634,0
45639,0
44124,0
1570,0
3520,0
45649,0
24393,0
24176,0
45655,0
45658,0
45659,0
45661,0
45665,0
25908,0
45680,0
45682,0
45685,0
45686,0
45695,0
45698,0
45700,0
45701,0
45703,0
36526,0
45708,0
27404,0
25347,0
45718,0
45723,0
45724,0
45725,0
45727,0
45732,0
45734,0
45735,0
7079,0
45742,0
29597,0
4633,0
45750,0
24822,0
45754,0
45756,0
30701,0
45757,0
45759,0
45765,0
45766,0
21679,0
45770,0
6143,0
45772,0
45775,0
44173,0
24010,0
26857,0
45776,0
29948,0
45777,0
45780,0
45782,0
1295,0
45784,0
23439,0
45793,0
45795,0
45808,0
45810,0
45818,0
3597,0
6570,0
45825,0
45827,0
45831,0
45835,0
45836,0
45837,0
2372,0
45856,0
45857,0
45860,0
45870,0
25421,0
32847,0
45882,0
44400,0
45883,0
45885,0
45887,0
45894,0
6319,0
45902,0
45904,0
45905,0
45235,0
41915,0
28904,0
45916,0
45917,0
45926,0
45931,0
45932,0
45936,0
7502,0
45881,0
45939,0
2319,0
45943,0
45948,0
45949,0
43147,0
45953,0
45954,0
45955,0
42384,0
21323,0
8017,0
4772,0
7782,0
6253,0
45960,0
45961,0
24823,0
45962,0
23995,0
45970,0
45973,0
45974,0
45980,0
45981,0
21034,0
45984,0
45987,0
42927,0
22361,0
45993,0
45995,0
45998,0
46000,0
46003,0
46006,0
46010,0
46011,0
43015,0
46017,0
4315,0
2101,0
3766,0
46019,0
46021,0
46022,0
46024,0
46030,0
46033,0
46036,0
46039,0
46045,0
5267,0
46054,0
46061,0
46062,0
46067,0
46069,0
46071,0
46075,0
46077,0
7020,0
2890,0
6614,0
42109,0
3103,0
46083,0
46085,0
46086,0
46089,0
46095,0
46096,0
46098,0
46105,0
46109,0
46111,0
46112,0
21270,0
46119,0
44643,0
46125,0
46129,0
46133,0
46136,0
24387,0
46149,0
46151,0
46158,0
46162,0
46163,0
44494,0
46168,0
46170,0
46171,0
46174,0
46175,0
46177,0
46186,0
46196,0
44730,0
42118,0
46200,0
46204,0
46206,0
46209,0
46211,0
38526,0
46216,0
42874,0
46222,0
46227,0
46230,0
46231,0
46233,0
46234,0
46235,0
44695,0
46238,0
6099,0
46240,0
44703,0
21837,0
8089,0
46242,0
44867,0
46251,0
24606,0
46253,0
46255,0
46259,0
46260,0
46266,0
46271,0
3984,0
32881,0
45062,0
46275,0
46277,0
46290,0
46294,0
46299,0
46300,0
44774,0
46301,0
6747,0
46303,0
46306,0
46307,0
46308,0
46310,0
46316,0
46318,0
46321,0
46323,0
46324,0
46325,0
46328,0
22091,0
46333,0
4712,0
46336,0
3796,0
31164,0
44957,0
1331,0
23461,0
46340,0
23416,0
46345,0
46348,0
46351,0
46356,0
45036,0
7735,0
21511,0
46367,0
46375,0
46377,0
46379,0
46381,0
46382,0
46389,0
46391,0
6810,0
33053,0
46400,0
46401,0
21807,0
46405,0
5343,0
31487,0
3864,0
46410,0
1653,0
46419,0
46424,0
46429,0
23927,0
46432,0
46439,0
46448,0
46456,0
46458,0
46460,0
46462,0
32254,0
46465,0
6652,0
46467,0
46470,0
23203,0
46479,0
46480,0
46483,0
46486,0
46489,0
46491,0
46500,0
46505,0
46506,0
46508,0
2002,0
46512,0
5999,0
46517,0
46521,0
21392,0
33518,0
46531,0
46533,0
46534,0
4382,0
46538,0
46540,0
46542,0
46543,0
46546,0
3777,0
46548,0
46549,0
46553,0
46557,0
46559,0
46564,0
46565,0
46566,0
46567,0
46571,0
46573,0
46576,0
46578,0
25031,0
46589,0
45088,0
46591,0
46594,0
46599,0
43165,0
7701,0
1859,0
46602,0
37919,0
45014,0
46603,0
46609,0
46614,0
46616,0
46619,0
46623,0
46626,0
1050,0
46629,0
46631,0
46633,0
46638,0
46640,0
46641,0
46649,0
33190,0
46652,0
46654,0
46655,0
46656,0
46659,0
46660,0
46666,0
46667,0
1280,0
46668,0
46670,0
2211,0
46674,0
2520,0
40287,0
43530,0
45212,0
4890,0
5016,0
46680,0
46681,0
46683,0
46688,0
46691,0
46698,0
46700,0
46701,0
1856,0
46708,0
46710,0
46713,0
46719,0
4079,0
46722,0
46727,0
46729,0
46733,0
3238,0
21873,0
46736,0
4268,0
3462,0
46739,0
46741,0
46742,0
46745,0
44765,0
46749,0
3537,0
46766,0
46768,0
46769,0
46773,0
46774,0
46208,0
46778,0
46779,0
46782,0
46783,0
26806,0
32785,0
46790,0
46791,0
46793,0
46797,0
46802,0
36398,0
46818,0
46821,0
46830,0
46836,0
46837,0
46842,0
46846,0
22816,0
3211,0
46850,0
46851,0
46800,0
46856,0
46860,0
5607,0
46863,0
46865,0
46867,0
46870,0
36543,0
46879,0
46882,0
46895,0
46898,0
23592,0
23921,0
46906,0
46910,0
46915,0
45046,0
46909,0
4348,0
46918,0
45314,0
46920,0
46921,0
46924,0
46926,0
46927,0
46928,0
29081,0
22614,0
46932,0
46940,0
46943,0
46948,0
46954,0
46955,0
46958,0
46960,0
46961,0
29070,0
33443,0
46963,0
46964,0
6746,0
46968,0
46972,0
46973,0
46975,0
46978,0
46980,0
46981,0
45486,0
46987,0
46988,0
32937,0
46989,0
45544,0
26567,0
4553,0
1412,0
21238,0
37732,0
42267,0
46990,0
46992,0
46994,0
46997,0
3441,0
46999,0
47002,0
3897,0
45584,0
38520,0
47014,0
45016,0
47016,0
47017,0
47025,0
47028,0
47030,0
47031,0
47032,0
47034,0
2420,0
47036,0
47037,0
26773,0
47057,0
25410,0
47066,0
47067,0
47069,0
1095,0
7152,0
47074,0
47077,0
47078,0
21902,0
47079,0
35501,0
47083,0
6504,0
47084,0
21315,0
47088,0
47089,0
47090,0
47099,0
2792,0
47108,0
47114,0
21225,0
45605,0
47119,0
47121,0
1776,0
47126,0
47131,0
47135,0
47136,0
42794,0
47140,0
47142,0
36760,0
47150,0
47153,0
47164,0
47180,0
47182,0
47183,0
47186,0
47193,0
23916,0
47194,0
47200,0
47204,0
47206,0
47207,0
47209,0
47214,0
47221,0
34581,0
47222,0
47224,0
47226,0
47234,0
47236,0
47239,0
4556,0
24545,0
7386,0
3715,0
5952,0
47251,0
47252,0
6348,0
47258,0
1794,0
2161,0
24921,0
47268,0
2585,0
45906,0
34085,0
7610,0
4380,0
3547,0
33217,0
8086,0
47274,0
47277,0
7743,0
47280,0
3745,0
24979,0
1049,0
47289,0
47292,0
47296,0
6132,0
47299,0
47303,0
47305,0
47307,0
47310,0
47313,0
6207,0
47318,0
47319,0
47323,0
34080,0
42844,0
47327,0
47329,0
47332,0
6136,0
32388,0
28786,0
47338,0
47340,0
47341,0
47342,0
47345,0
47346,0
47347,0
47361,0
47362,0
47364,0
37733,0
47375,0
47373,0
47382,0
47385,0
42154,0
47386,0
47389,0
23104,0
47391,0
30176,0
47394,0
47396,0
47397,0
47398,0
4963,0
21652,0
47402,0
47405,0
47406,0
32474,0
47408,0
4519,0
47420,0
47421,0
47433,0
47440,0
45019,0
47444,0
45804,0
47454,0
47455,0
47463,0
4898,0
47467,0
47469,0
47470,0
47474,0
47475,0
47477,0
47480,0
47484,0
47489,0
47492,0
47500,0
47502,0
47504,0
47505,0
47518,0
41631,0
44313,0
47525,0
47526,0
47430,0
47531,0
37580,0
47536,0
36742,0
47540,0
47543,0
47549,0
47554,0
47555,0
4493,0
47557,0
47559,0
47560,0
47562,0
47563,0
47565,0
43625,0
47571,0
47575,0
47577,0
47582,0
47584,0
47585,0
47589,0
47592,0
47598,0
39447,0
47599,0
46122,0
3647,0
46213,0
46184,0
46219,0
47608,0
47610,0
46104,0
26721,0
4859,0
47612,0
47613,0
5023,0
47627,0